,Model,Release_date,Max_resolution,Low_resolution,Effective_pixels,Zoom_wide,Zoom_tele,Normal_focus_range,Macro_focus_range,Storage_included,Weight,Dimensions,Price,Brand
0,Agfa ePhoto 1280,1997,1024.0,640.0,0.0,38.0,114.0,70.0,40.0,4.0,420.0,95.0,179.0,Agfa
1,Agfa ePhoto 1680,1998,1280.0,640.0,1.0,38.0,114.0,50.0,0.0,4.0,420.0,158.0,179.0,Agfa
2,Agfa ePhoto CL18,2000,640.0,0.0,0.0,45.0,45.0,0.0,0.0,2.0,0.0,0.0,179.0,Agfa
3,Agfa ePhoto CL30,1999,1152.0,640.0,0.0,35.0,35.0,0.0,0.0,4.0,0.0,0.0,269.0,Agfa
4,Agfa ePhoto CL30 Clik!,1999,1152.0,640.0,0.0,43.0,43.0,50.0,0.0,40.0,300.0,128.0,1299.0,Agfa
5,Agfa ePhoto CL45,2001,1600.0,640.0,1.0,51.0,51.0,50.0,20.0,8.0,270.0,119.0,179.0,Agfa
6,Agfa ePhoto CL50,1999,1280.0,640.0,1.0,34.0,102.0,0.0,0.0,8.0,0.0,0.0,179.0,Agfa
7,Canon PowerShot 350,1997,640.0,0.0,0.0,42.0,42.0,70.0,3.0,2.0,320.0,93.0,149.0,Canon
8,Canon PowerShot 600,1996,832.0,640.0,0.0,50.0,50.0,40.0,10.0,1.0,460.0,160.0,139.0,Canon
9,Canon PowerShot A10,2001,1280.0,1024.0,1.0,35.0,105.0,76.0,16.0,8.0,375.0,110.0,139.0,Canon
10,Canon PowerShot A100,2002,1280.0,1024.0,1.0,39.0,39.0,20.0,5.0,8.0,225.0,110.0,139.0,Canon
11,Canon PowerShot A20,2001,1600.0,1024.0,1.0,35.0,105.0,76.0,16.0,8.0,375.0,110.0,139.0,Canon
12,Canon PowerShot A200,2002,1600.0,1024.0,1.0,39.0,39.0,20.0,5.0,8.0,225.0,110.0,139.0,Canon
13,Canon PowerShot A30,2002,1280.0,1024.0,1.0,35.0,105.0,76.0,16.0,8.0,350.0,110.0,139.0,Canon
14,Canon PowerShot A300,2003,2048.0,1600.0,3.0,33.0,33.0,20.0,5.0,32.0,225.0,111.0,139.0,Canon
15,Canon PowerShot A310,2004,2048.0,1600.0,3.0,33.0,33.0,0.0,5.0,0.0,205.0,110.0,139.0,Canon
16,Canon PowerShot A40,2002,1600.0,1024.0,1.0,35.0,105.0,76.0,16.0,8.0,350.0,110.0,139.0,Canon
17,Canon PowerShot A400,2004,2048.0,1600.0,3.0,45.0,100.0,0.0,5.0,16.0,255.0,107.0,139.0,Canon
18,Canon PowerShot A410,2005,2048.0,1600.0,3.0,41.0,131.0,0.0,1.0,16.0,195.0,103.0,139.0,Canon
19,Canon PowerShot A420,2006,2272.0,1600.0,4.0,39.0,125.0,47.0,1.0,16.0,200.0,103.0,139.0,Canon
20,Canon PowerShot A430,2006,2272.0,1600.0,4.0,39.0,156.0,47.0,1.0,16.0,210.0,103.0,139.0,Canon
21,Canon PowerShot A450,2007,2592.0,2048.0,5.0,38.0,122.0,47.0,1.0,16.0,215.0,106.0,139.0,Canon
22,Canon PowerShot A460,2007,2592.0,2048.0,5.0,38.0,152.0,47.0,1.0,16.0,215.0,106.0,139.0,Canon
23,Canon PowerShot A5,1998,1024.0,512.0,0.0,35.0,35.0,50.0,9.0,8.0,240.0,105.0,149.0,Canon
24,Canon PowerShot A50,1999,1280.0,640.0,1.0,28.0,70.0,50.0,17.0,8.0,290.0,103.0,149.0,Canon
25,Canon PowerShot A510,2005,2048.0,1600.0,3.0,35.0,140.0,0.0,5.0,16.0,230.0,91.0,139.0,Canon
26,Canon PowerShot A520,2005,2272.0,1600.0,3.0,35.0,140.0,0.0,5.0,16.0,230.0,91.0,149.0,Canon
27,Canon PowerShot A530,2006,2592.0,2048.0,5.0,35.0,140.0,45.0,5.0,16.0,220.0,90.0,149.0,Canon
28,Canon PowerShot A540,2006,2816.0,2272.0,6.0,35.0,140.0,45.0,5.0,16.0,230.0,90.0,149.0,Canon
29,Canon PowerShot A550,2007,3072.0,2592.0,7.0,35.0,140.0,45.0,5.0,16.0,210.0,91.0,149.0,Canon
30,Canon PowerShot A560,2007,3072.0,2592.0,7.0,35.0,140.0,45.0,5.0,16.0,205.0,91.0,149.0,Canon
31,Canon PowerShot A570 IS,2007,3072.0,2592.0,7.0,35.0,140.0,45.0,5.0,16.0,215.0,90.0,149.0,Canon
32,Canon PowerShot A5 Zoom,1999,1024.0,512.0,0.0,28.0,70.0,50.0,17.0,8.0,290.0,103.0,149.0,Canon
33,Canon PowerShot A60,2003,1600.0,1024.0,1.0,35.0,105.0,46.0,5.0,16.0,315.0,101.0,139.0,Canon
34,Canon PowerShot A610,2005,2592.0,2592.0,5.0,35.0,140.0,0.0,1.0,16.0,285.0,105.0,139.0,Canon
35,Canon PowerShot A620,2005,3072.0,3072.0,7.0,35.0,140.0,0.0,1.0,32.0,285.0,105.0,139.0,Canon
36,Canon PowerShot A630,2006,3264.0,2592.0,8.0,35.0,140.0,0.0,1.0,16.0,315.0,109.0,139.0,Canon
37,Canon PowerShot A640,2006,3648.0,2816.0,10.0,35.0,140.0,0.0,1.0,32.0,315.0,109.0,139.0,Canon
38,Canon PowerShot A650 IS,2007,4000.0,3264.0,12.0,35.0,210.0,0.0,1.0,32.0,300.0,97.0,399.0,Canon
39,Canon PowerShot A70,2003,2048.0,1600.0,3.0,35.0,105.0,46.0,5.0,16.0,315.0,101.0,139.0,Canon
40,Canon PowerShot A700,2006,2816.0,2272.0,6.0,35.0,210.0,55.0,1.0,16.0,250.0,94.0,139.0,Canon
41,Canon PowerShot A710 IS,2006,3072.0,2592.0,7.0,35.0,210.0,55.0,1.0,16.0,210.0,98.0,139.0,Canon
42,Canon PowerShot A720 IS,2007,3264.0,2592.0,8.0,35.0,210.0,55.0,1.0,16.0,250.0,97.0,399.0,Canon
43,Canon PowerShot A75,2004,2048.0,1600.0,3.0,35.0,105.0,46.0,5.0,32.0,315.0,101.0,139.0,Canon
44,Canon PowerShot A80,2003,2272.0,1600.0,3.0,38.0,114.0,46.0,5.0,32.0,350.0,103.0,139.0,Canon
45,Canon PowerShot A85,2004,2272.0,1600.0,4.0,35.0,105.0,0.0,5.0,32.0,300.0,101.0,139.0,Canon
46,Canon PowerShot A95,2004,2592.0,2048.0,5.0,38.0,114.0,45.0,5.0,32.0,335.0,101.0,139.0,Canon
47,Canon EOS 10D,2003,3072.0,2048.0,6.0,0.0,0.0,0.0,0.0,0.0,875.0,150.0,1299.0,Canon
48,Canon EOS-1D,2001,2464.0,1232.0,4.0,0.0,0.0,0.0,0.0,0.0,1585.0,156.0,4499.0,Canon
49,Canon EOS-1D Mark II,2004,3504.0,3104.0,8.0,0.0,0.0,0.0,0.0,0.0,1565.0,156.0,4499.0,Canon
50,Canon EOS-1D Mark III,2007,3888.0,3456.0,10.0,0.0,0.0,0.0,0.0,0.0,1335.0,156.0,4499.0,Canon
51,Canon EOS-1D Mark II N,2005,3504.0,3104.0,8.0,0.0,0.0,0.0,0.0,0.0,1565.0,156.0,4499.0,Canon
52,Canon EOS-1Ds,2002,4064.0,2032.0,11.0,0.0,0.0,0.0,0.0,0.0,1585.0,156.0,7999.0,Canon
53,Canon EOS-1Ds Mark II,2004,4992.0,3600.0,16.0,0.0,0.0,0.0,0.0,0.0,1565.0,156.0,7999.0,Canon
54,Canon EOS-1Ds Mark III,2007,5616.0,4992.0,21.0,0.0,0.0,0.0,0.0,0.0,1385.0,150.0,7999.0,Canon
55,Canon EOS 20D,2004,3504.0,2544.0,8.0,0.0,0.0,0.0,0.0,0.0,770.0,144.0,1299.0,Canon
56,Canon EOS 20Da,2005,3504.0,2544.0,8.0,0.0,0.0,0.0,0.0,0.0,770.0,144.0,1299.0,Canon
57,Canon EOS 300D / Digital Rebel,2003,3072.0,2048.0,6.0,0.0,0.0,0.0,0.0,0.0,645.0,142.0,1299.0,Canon
58,Canon EOS 30D,2006,3504.0,2544.0,8.0,0.0,0.0,0.0,0.0,0.0,784.0,144.0,1299.0,Canon
59,Canon EOS 350D / Digital Rebel XT,2005,3456.0,2496.0,8.0,0.0,0.0,0.0,0.0,0.0,540.0,127.0,1299.0,Canon
60,Canon EOS 400D / Digital Rebel XTi,2006,3888.0,2816.0,10.0,0.0,0.0,0.0,0.0,0.0,556.0,127.0,1299.0,Canon
61,Canon EOS 40D,2007,3888.0,2816.0,10.0,0.0,0.0,0.0,0.0,0.0,822.0,146.0,1299.0,Canon
62,Canon EOS 5D,2005,4368.0,3168.0,12.0,0.0,0.0,0.0,0.0,0.0,895.0,152.0,2499.0,Canon
63,Canon EOS D30,2000,2160.0,1440.0,3.0,0.0,0.0,0.0,0.0,16.0,855.0,150.0,549.0,Canon
64,Canon EOS D60,2002,3072.0,2048.0,6.0,0.0,0.0,0.0,0.0,16.0,855.0,150.0,549.0,Canon
65,Canon PowerShot G1,2000,2048.0,1024.0,3.0,34.0,102.0,70.0,6.0,16.0,490.0,120.0,499.0,Canon
66,Canon PowerShot G2,2001,2272.0,1600.0,3.0,34.0,102.0,70.0,6.0,32.0,510.0,121.0,499.0,Canon
67,Canon PowerShot G3,2002,2272.0,1600.0,3.0,35.0,140.0,50.0,5.0,32.0,490.0,121.0,499.0,Canon
68,Canon PowerShot G5,2003,2592.0,1600.0,5.0,35.0,140.0,50.0,5.0,32.0,490.0,121.0,149.0,Canon
69,Canon PowerShot G6,2004,3072.0,2592.0,7.0,35.0,140.0,50.0,5.0,32.0,467.0,105.0,499.0,Canon
70,Canon PowerShot G7,2006,3648.0,2816.0,10.0,35.0,210.0,50.0,1.0,32.0,380.0,106.0,499.0,Canon
71,Canon PowerShot G9,2007,4000.0,3264.0,12.0,35.0,210.0,50.0,1.0,32.0,370.0,106.0,499.0,Canon
72,Canon PowerShot Pro1,2004,3264.0,2272.0,8.0,28.0,200.0,50.0,3.0,64.0,640.0,118.0,139.0,Canon
73,Canon PowerShot Pro70,1998,1536.0,768.0,1.0,28.0,70.0,32.0,12.0,8.0,800.0,148.0,199.0,Canon
74,Canon PowerShot Pro90 IS,2001,1856.0,1024.0,2.0,37.0,370.0,10.0,10.0,16.0,680.0,127.0,384.0,Canon
75,Canon PowerShot S10,1999,1600.0,1280.0,1.0,35.0,70.0,46.0,12.0,8.0,320.0,106.0,399.0,Canon
76,Canon PowerShot S100,2000,1600.0,640.0,1.0,35.0,70.0,57.0,10.0,8.0,250.0,87.0,199.0,Canon
77,Canon PowerShot S110,2001,1600.0,1024.0,1.0,35.0,70.0,57.0,10.0,8.0,250.0,87.0,199.0,Canon
78,Canon PowerShot S1 IS,2004,2048.0,1600.0,3.0,38.0,380.0,10.0,10.0,32.0,469.0,111.0,399.0,Canon
79,Canon PowerShot S20,2000,2048.0,1024.0,3.0,32.0,64.0,66.0,12.0,16.0,320.0,106.0,399.0,Canon
80,Canon PowerShot S200,2002,1600.0,1024.0,1.0,35.0,70.0,57.0,10.0,8.0,250.0,87.0,199.0,Canon
81,Canon PowerShot S230,2002,2048.0,1600.0,3.0,35.0,70.0,47.0,10.0,16.0,250.0,87.0,199.0,Canon
82,Canon PowerShot S2 IS,2005,2592.0,2048.0,5.0,36.0,432.0,50.0,10.0,16.0,505.0,113.0,399.0,Canon
83,Canon PowerShot S30,2001,2048.0,1600.0,3.0,35.0,105.0,80.0,10.0,16.0,323.0,112.0,399.0,Canon
84,Canon PowerShot S300,2001,1600.0,1024.0,1.0,35.0,105.0,76.0,16.0,8.0,270.0,95.0,199.0,Canon
85,Canon PowerShot S330,2002,1600.0,1024.0,1.0,35.0,105.0,76.0,16.0,8.0,274.0,95.0,199.0,Canon
86,Canon PowerShot S3 IS,2006,2816.0,2272.0,6.0,36.0,432.0,50.0,10.0,16.0,510.0,113.0,399.0,Canon
87,Canon PowerShot S40,2001,2272.0,1600.0,3.0,35.0,105.0,80.0,10.0,16.0,323.0,112.0,139.0,Canon
88,Canon PowerShot S400,2003,2272.0,1600.0,3.0,36.0,108.0,46.0,5.0,32.0,230.0,87.0,139.0,Canon
89,Canon PowerShot S410,2004,2272.0,1600.0,3.0,36.0,108.0,0.0,5.0,32.0,215.0,87.0,139.0,Canon
90,Canon PowerShot S45,2002,2272.0,1600.0,3.0,35.0,105.0,50.0,10.0,32.0,323.0,112.0,139.0,Canon
91,Canon PowerShot S50,2003,2592.0,1600.0,5.0,35.0,105.0,50.0,10.0,32.0,323.0,112.0,399.0,Canon
92,Canon PowerShot S500,2004,2592.0,2048.0,5.0,36.0,108.0,0.0,5.0,32.0,215.0,87.0,149.0,Canon
93,Canon PowerShot S5 IS,2007,3264.0,2272.0,8.0,36.0,432.0,50.0,10.0,32.0,550.0,117.0,399.0,Canon
94,Canon PowerShot S60,2004,2592.0,1600.0,5.0,28.0,100.0,50.0,4.0,32.0,300.0,114.0,399.0,Canon
95,Canon PowerShot S70,2004,3072.0,2592.0,7.0,28.0,100.0,50.0,4.0,32.0,300.0,114.0,399.0,Canon
96,Canon PowerShot S80,2005,3264.0,2592.0,8.0,28.0,100.0,50.0,4.0,32.0,290.0,104.0,399.0,Canon
97,Canon PowerShot SD10,2003,2272.0,1600.0,3.0,38.0,38.0,0.0,3.0,32.0,140.0,90.0,199.0,Canon
98,Canon PowerShot SD100,2003,2048.0,1600.0,3.0,35.0,70.0,47.0,10.0,16.0,185.0,85.0,199.0,Canon
99,Canon PowerShot SD1000,2007,3072.0,2592.0,7.0,35.0,105.0,0.0,5.0,32.0,175.0,86.0,199.0,Canon
100,Canon PowerShot SD110,2004,2048.0,1600.0,3.0,35.0,70.0,0.0,10.0,16.0,195.0,85.0,199.0,Canon
101,Canon PowerShot SD20,2004,2592.0,2048.0,5.0,39.0,39.0,0.0,3.0,32.0,140.0,90.0,199.0,Canon
102,Canon PowerShot SD200,2004,2048.0,1600.0,3.0,35.0,105.0,0.0,3.0,16.0,135.0,86.0,199.0,Canon
103,Canon PowerShot SD30,2005,2592.0,2048.0,5.0,38.0,90.0,0.0,10.0,16.0,120.0,96.0,199.0,Canon
104,Canon PowerShot SD300,2004,2272.0,1600.0,3.0,35.0,105.0,0.0,3.0,16.0,147.0,86.0,199.0,Canon
105,Canon PowerShot SD40,2006,3072.0,2592.0,7.0,38.0,90.0,0.0,10.0,16.0,120.0,96.0,199.0,Canon
106,Canon PowerShot SD400,2005,2592.0,2048.0,5.0,35.0,105.0,0.0,3.0,16.0,150.0,86.0,199.0,Canon
107,Canon PowerShot SD430 Wireless,2005,2592.0,2048.0,5.0,35.0,105.0,0.0,3.0,16.0,185.0,99.0,199.0,Canon
108,Canon PowerShot SD450,2005,2592.0,2048.0,5.0,35.0,105.0,0.0,3.0,16.0,155.0,86.0,199.0,Canon
109,Canon PowerShot SD500,2005,3072.0,2592.0,7.0,37.0,111.0,0.0,5.0,32.0,200.0,90.0,199.0,Canon
110,Canon PowerShot SD550,2005,3072.0,2592.0,7.0,37.0,111.0,0.0,5.0,32.0,185.0,90.0,199.0,Canon
111,Canon PowerShot SD600,2006,2816.0,2272.0,6.0,35.0,105.0,30.0,3.0,16.0,170.0,86.0,199.0,Canon
112,Canon PowerShot SD630,2006,2816.0,2272.0,6.0,35.0,105.0,30.0,3.0,16.0,175.0,90.0,199.0,Canon
113,Canon PowerShot SD700 IS,2006,2816.0,2272.0,6.0,35.0,140.0,45.0,2.0,16.0,195.0,90.0,384.0,Canon
114,Canon PowerShot SD750,2007,3072.0,2592.0,7.0,35.0,105.0,0.0,5.0,32.0,170.0,92.0,384.0,Canon
115,Canon PowerShot SD800 IS,2006,3072.0,2592.0,7.0,28.0,105.0,0.0,3.0,16.0,195.0,90.0,384.0,Canon
116,Canon PowerShot SD850 IS,2007,3264.0,2272.0,8.0,35.0,140.0,45.0,2.0,32.0,195.0,90.0,384.0,Canon
117,Canon PowerShot SD870 IS,2007,3264.0,2592.0,8.0,28.0,105.0,45.0,2.0,32.0,165.0,93.0,384.0,Canon
118,Canon PowerShot SD900,2006,3648.0,2816.0,10.0,37.0,111.0,0.0,5.0,32.0,205.0,91.0,199.0,Canon
119,Canon PowerShot SD950 IS,2007,4000.0,3264.0,12.0,36.0,133.0,50.0,5.0,32.0,205.0,96.0,384.0,Canon
120,Canon PowerShot SX100 IS,2007,3264.0,2592.0,8.0,36.0,360.0,50.0,1.0,32.0,316.0,109.0,299.0,Canon
121,Canon PowerShot TX1,2007,3072.0,2592.0,7.0,39.0,390.0,50.0,10.0,0.0,260.0,89.0,139.0,Canon
122,Casio Exilim EX-P505,2005,2560.0,2048.0,4.0,38.0,190.0,40.0,1.0,7.0,275.0,99.0,249.0,Casio
123,Casio Exilim EX-P600,2004,2816.0,2048.0,5.0,33.0,132.0,40.0,10.0,9.0,275.0,98.0,249.0,Casio
124,Casio Exilim EX-P700,2004,3072.0,2304.0,7.0,33.0,132.0,40.0,10.0,9.0,275.0,98.0,249.0,Casio
125,Casio Exilim EX-S100,2004,2048.0,1600.0,3.0,36.0,102.0,40.0,17.0,9.0,123.0,88.0,249.0,Casio
126,Casio Exilim EX-S20,2003,1600.0,1280.0,1.0,35.0,35.0,80.0,30.0,10.0,100.0,83.0,249.0,Casio
127,Casio Exilim EX-S3,2003,2048.0,1600.0,3.0,35.0,35.0,80.0,80.0,10.0,110.0,90.0,249.0,Casio
128,Casio Exilim EX-S500,2005,2560.0,2304.0,4.0,38.0,114.0,40.0,17.0,8.0,125.0,90.0,249.0,Casio
129,Casio Exilim EX-S600,2005,2816.0,2304.0,6.0,38.0,114.0,40.0,15.0,8.0,155.0,90.0,249.0,Casio
130,Casio Exilim EX-S600d,2006,2816.0,2304.0,6.0,38.0,114.0,40.0,15.0,8.0,155.0,90.0,249.0,Casio
131,Casio Exilim EX-S880,2007,3264.0,2816.0,8.0,38.0,114.0,50.0,15.0,10.0,138.0,94.5,249.0,Casio
132,Casio Exilim EX-V7,2007,3072.0,2560.0,7.0,38.0,266.0,30.0,10.0,11.0,190.0,96.0,299.0,Casio
133,Casio Exilim EX-V8,2007,3264.0,2816.0,8.0,38.0,266.0,40.0,10.0,11.0,199.0,96.0,299.0,Casio
134,Casio Exilim EX-Z10,2005,2560.0,2304.0,5.0,35.0,114.0,40.0,6.0,8.0,154.0,90.0,329.0,Casio
135,Casio Exilim EX-Z1000,2006,3648.0,2560.0,10.0,38.0,114.0,40.0,6.0,8.0,185.0,92.0,329.0,Casio
136,Casio Exilim EX-Z1050,2007,3648.0,2560.0,10.0,38.0,114.0,40.0,10.0,15.0,165.0,91.0,329.0,Casio
137,Casio Exilim EX-Z1080,2007,3648.0,2560.0,10.0,38.0,114.0,40.0,10.0,11.0,165.0,91.0,329.0,Casio
138,Casio Exilim EX-Z110,2005,2816.0,2304.0,6.0,35.0,114.0,40.0,6.0,8.0,151.0,90.0,329.0,Casio
139,Casio Exilim EX-Z120,2005,3072.0,2560.0,7.0,38.0,114.0,50.0,10.0,8.0,154.0,90.0,329.0,Casio
140,Casio Exilim EX-Z1200 SR,2007,4000.0,3264.0,12.0,37.0,111.0,40.0,6.0,11.0,162.0,93.0,329.0,Casio
141,Casio Exilim EX-Z3,2003,2048.0,1600.0,3.0,35.0,105.0,40.0,6.0,16.0,170.0,87.0,329.0,Casio
142,Casio Exilim EX-Z30,2004,2048.0,1600.0,3.0,35.0,105.0,40.0,6.0,9.0,150.0,87.0,329.0,Casio
143,Casio Exilim EX-Z4,2003,2304.0,1600.0,4.0,35.0,105.0,40.0,6.0,16.0,170.0,87.0,329.0,Casio
144,Casio Exilim EX-Z40,2004,2304.0,1600.0,4.0,35.0,105.0,40.0,6.0,9.0,150.0,87.0,329.0,Casio
145,Casio Exilim EX-Z5,2006,2560.0,2304.0,4.0,38.0,114.0,40.0,10.0,8.0,160.0,95.0,329.0,Casio
146,Casio Exilim EX-Z50,2004,2560.0,2048.0,5.0,35.0,105.0,50.0,6.0,9.0,171.0,87.0,329.0,Casio
147,Casio Exilim EX-Z500,2005,2560.0,2304.0,5.0,38.0,114.0,40.0,17.0,8.0,127.0,89.0,329.0,Casio
148,Casio Exilim EX-Z55,2004,2560.0,2048.0,5.0,35.0,105.0,50.0,6.0,9.0,180.0,87.0,329.0,Casio
149,Casio Exilim EX-Z57,2005,2560.0,2048.0,4.0,35.0,105.0,40.0,6.0,9.0,175.0,89.0,199.0,Casio
150,Casio Exilim EX-Z60,2006,2816.0,2304.0,6.0,38.0,114.0,40.0,10.0,8.0,148.0,95.0,329.0,Casio
151,Casio Exilim EX-Z70,2006,3072.0,2560.0,7.0,38.0,114.0,40.0,10.0,8.0,140.0,95.0,199.0,Casio
152,Casio Exilim EX-Z700,2006,3072.0,2560.0,7.0,38.0,114.0,40.0,15.0,8.0,154.0,89.0,329.0,Casio
153,Casio Exilim EX-Z75,2007,3072.0,2560.0,7.0,38.0,114.0,40.0,10.0,8.0,156.0,95.0,199.0,Casio
154,Casio Exilim EX-Z750,2005,3072.0,2304.0,7.0,38.0,114.0,40.0,10.0,9.0,165.0,89.0,329.0,Casio
155,Casio Exilim EX-Z77,2007,3072.0,2560.0,7.0,38.0,114.0,40.0,10.0,11.0,128.0,95.0,199.0,Casio
156,Casio Exilim EX-S770,2006,3072.0,2560.0,7.0,38.0,114.0,40.0,15.0,6.0,176.0,95.0,249.0,Casio
157,Casio Exilim EX-Z850,2006,3264.0,2816.0,8.0,38.0,114.0,40.0,10.0,8.0,185.0,89.0,249.0,Casio
158,Casio GV-10,2001,1280.0,640.0,1.0,35.0,35.0,60.0,10.0,8.0,320.0,101.0,249.0,Casio
159,Casio GV-20,2002,1600.0,800.0,1.0,35.0,35.0,60.0,10.0,8.0,320.0,101.0,249.0,Casio
160,Casio QV-2000UX,1999,1600.0,800.0,1.0,36.0,108.0,50.0,20.0,8.0,320.0,130.0,249.0,Casio
161,Casio QV-2100,2001,1600.0,800.0,1.0,41.0,41.0,80.0,20.0,16.0,260.0,108.0,249.0,Casio
162,Casio QV-2300UX,2000,1600.0,800.0,1.0,41.0,123.0,10.0,1.0,8.0,245.0,67.0,249.0,Casio
163,Casio QV-2400UX,2001,1600.0,800.0,1.0,41.0,123.0,10.0,1.0,8.0,245.0,67.0,249.0,Casio
164,Casio QV-2800UX,2000,1600.0,800.0,1.0,40.0,320.0,40.0,1.0,8.0,295.0,81.0,249.0,Casio
165,Casio QV-2900UX,2001,1600.0,800.0,1.0,40.0,320.0,40.0,1.0,8.0,295.0,81.0,249.0,Casio
166,Casio QV-3EX,2000,2048.0,1024.0,3.0,41.0,41.0,50.0,10.0,16.0,245.0,115.0,249.0,Casio
167,Casio QV-300,1996,640.0,320.0,0.0,47.0,106.0,60.0,9.0,4.0,290.0,162.0,249.0,Casio
168,Casio QV-3000EX,2000,2048.0,1024.0,3.0,33.0,100.0,30.0,6.0,16.0,360.0,134.0,249.0,Casio
169,Casio QV-3500EX,2001,2048.0,1024.0,3.0,33.0,100.0,30.0,6.0,16.0,360.0,134.0,249.0,Casio
170,Casio QV-4000,2001,2240.0,1600.0,3.0,34.0,102.0,30.0,6.0,16.0,420.0,118.0,249.0,Casio
171,Casio QV-5000SX,1998,1280.0,640.0,1.0,35.0,35.0,30.0,10.0,8.0,320.0,147.0,249.0,Casio
172,Casio QV-5500SX,1999,1280.0,640.0,1.0,36.0,36.0,30.0,10.0,8.0,320.0,131.0,249.0,Casio
173,Casio QV-5700,2002,2560.0,1600.0,4.0,34.0,102.0,30.0,6.0,16.0,420.0,118.0,249.0,Casio
174,Casio QV-700,1997,640.0,0.0,0.0,38.0,38.0,70.0,14.0,4.0,290.0,147.0,249.0,Casio
175,Casio QV-7000SX,1998,1280.0,640.0,1.0,32.0,64.0,23.0,10.0,8.0,320.0,141.0,249.0,Casio
176,Casio QV-770,1998,640.0,0.0,0.0,38.0,38.0,70.0,14.0,4.0,300.0,129.0,249.0,Casio
177,Casio QV-8000SX,1999,1280.0,640.0,1.0,40.0,320.0,40.0,1.0,8.0,320.0,141.0,249.0,Casio
178,Casio QV-R3,2002,2048.0,1600.0,3.0,38.0,113.0,40.0,14.0,11.0,240.0,90.0,249.0,Casio
179,Casio QV-R4,2002,2304.0,2240.0,4.0,38.0,113.0,40.0,14.0,11.0,240.0,90.0,249.0,Casio
180,Casio QV-R40,2003,2304.0,2240.0,4.0,39.0,117.0,60.0,10.0,11.0,210.0,88.0,249.0,Casio
181,Casio QV-R41,2004,2304.0,2240.0,3.0,39.0,117.0,60.0,10.0,9.0,198.0,88.0,249.0,Casio
182,Casio QV-R51,2004,2560.0,2048.0,4.0,39.0,117.0,60.0,10.0,9.0,210.0,88.0,249.0,Casio
183,Casio QV-R61,2004,2816.0,2048.0,6.0,39.0,117.0,70.0,10.0,9.0,218.0,88.0,249.0,Casio
184,Casio QV-R62,2004,2816.0,2048.0,6.0,39.0,117.0,70.0,10.0,9.0,218.0,88.0,249.0,Casio
185,Contax N Digital,2000,3040.0,0.0,6.0,0.0,0.0,0.0,0.0,0.0,0.0,152.0,549.0,Contax
186,Contax TVS Digital,2002,2560.0,1600.0,4.0,35.0,105.0,60.0,15.0,0.0,260.0,112.0,549.0,Contax
187,Epson PhotoPC 800,1999,1600.0,640.0,1.0,38.0,38.0,50.0,15.0,8.0,280.0,113.0,229.0,Epson
188,Epson PhotoPC 850 Zoom,1999,1600.0,640.0,1.0,35.0,105.0,0.0,0.0,0.0,0.0,0.0,229.0,Epson
189,Epson PhotoPC L-500V,2004,2560.0,1600.0,4.0,34.0,102.0,50.0,5.0,16.0,200.0,92.0,159.0,Epson
190,Epson PhotoPC 3000 Zoom,2000,2048.0,640.0,3.0,34.0,102.0,50.0,5.0,16.0,360.0,107.0,399.0,Epson
191,Epson PhotoPC 3100 Zoom,2001,2048.0,1600.0,3.0,34.0,102.0,50.0,5.0,16.0,360.0,107.0,399.0,Epson
192,Epson PhotoPC 500,1997,640.0,320.0,0.0,43.0,43.0,60.0,20.0,2.0,320.0,142.0,229.0,Epson
193,Epson PhotoPC 550,1997,640.0,320.0,0.0,43.0,43.0,60.0,10.0,1.0,170.0,107.0,229.0,Epson
194,Epson PhotoPC 600,1997,1024.0,640.0,0.0,36.0,36.0,50.0,20.0,4.0,270.0,143.0,229.0,Epson
195,Epson PhotoPC 650,1999,1152.0,640.0,0.0,39.0,39.0,60.0,15.0,8.0,400.0,135.0,229.0,Epson
196,Epson PhotoPC 700,1998,1280.0,640.0,1.0,35.0,35.0,50.0,10.0,4.0,0.0,0.0,229.0,Epson
197,Epson PhotoPC 750 Zoom,1998,1280.0,640.0,1.0,34.0,102.0,80.0,20.0,8.0,0.0,0.0,229.0,Epson
198,Epson PhotoPC L-300,2003,2048.0,1600.0,3.0,34.0,102.0,50.0,11.0,16.0,285.0,105.0,399.0,Epson
199,Epson PhotoPC L-400,2003,2304.0,1600.0,4.0,34.0,102.0,50.0,11.0,16.0,285.0,105.0,129.0,Epson
200,Epson PhotoPC L-410,2004,2304.0,1600.0,4.0,34.0,102.0,50.0,11.0,16.0,203.0,92.0,129.0,Epson
201,Epson R-D1,2004,3008.0,2240.0,6.0,0.0,0.0,0.0,0.0,0.0,620.0,142.0,4499.0,Epson
202,Fujifilm FinePix 40i,2000,2400.0,1280.0,2.0,36.0,36.0,50.0,6.0,64.0,200.0,85.5,169.0,Fujifilm
203,Fujifilm FinePix 50i,2001,2400.0,1600.0,2.0,36.0,36.0,50.0,6.0,64.0,200.0,85.5,169.0,Fujifilm
204,Fujifilm DS-260HD,1999,1280.0,640.0,1.0,35.0,105.0,90.0,25.0,4.0,700.0,100.0,169.0,Fujifilm
205,Fujifilm DS-300,1997,1280.0,640.0,1.0,35.0,105.0,20.0,20.0,0.0,700.0,153.0,169.0,Fujifilm
206,Fujifilm FinePix 1300,2000,1280.0,640.0,1.0,38.0,38.0,80.0,8.0,8.0,240.0,110.0,169.0,Fujifilm
207,Fujifilm FinePix 2300,2001,1600.0,1280.0,1.0,36.0,36.0,80.0,8.0,8.0,240.0,110.0,169.0,Fujifilm
208,Fujifilm FinePix 2400 Zoom,2000,1600.0,1280.0,1.0,38.0,114.0,80.0,10.0,8.0,290.0,125.0,169.0,Fujifilm
209,Fujifilm FinePix 2600 Zoom,2001,1600.0,1280.0,1.0,38.0,114.0,80.0,10.0,16.0,260.0,99.0,169.0,Fujifilm
210,Fujifilm FinePix 2650,2002,1600.0,1280.0,1.0,38.0,114.0,80.0,8.0,16.0,235.0,100.0,169.0,Fujifilm
211,Fujifilm FinePix 2800 Zoom,2001,1600.0,1280.0,1.0,38.0,228.0,80.0,10.0,16.0,360.0,95.0,169.0,Fujifilm
212,Fujifilm Finepix 30i,2001,1600.0,1280.0,1.0,38.0,38.0,60.0,8.0,16.0,200.0,85.0,199.0,Fujifilm
213,Fujifilm FinePix 3800,2002,2048.0,1600.0,3.0,38.0,228.0,80.0,10.0,16.0,400.0,100.0,399.0,Fujifilm
214,Fujifilm FinePix 4800 Zoom,2001,2400.0,1600.0,2.0,36.0,108.0,60.0,20.0,16.0,280.0,80.0,169.0,Fujifilm
215,Fujifilm FinePix 4900 Zoom,2000,2400.0,1600.0,2.0,35.0,210.0,50.0,10.0,16.0,450.0,110.0,169.0,Fujifilm
216,Fujifilm FinePix 6800 Zoom,2001,2832.0,2048.0,3.0,36.0,108.0,60.0,20.0,16.0,280.0,80.0,169.0,Fujifilm
217,Fujifilm FinePix 6900 Zoom,2001,2832.0,2048.0,3.0,35.0,210.0,50.0,10.0,16.0,450.0,110.0,169.0,Fujifilm
218,Fujifilm FinePix A101,2001,1280.0,640.0,1.0,36.0,36.0,80.0,8.0,8.0,190.0,99.0,169.0,Fujifilm
219,Fujifilm FinePix A120,2004,2016.0,1600.0,3.0,38.0,38.0,80.0,9.0,16.0,170.0,102.0,169.0,Fujifilm
220,Fujifilm FinePix A200,2002,1600.0,1280.0,1.0,36.0,36.0,80.0,8.0,16.0,180.0,99.0,169.0,Fujifilm
221,Fujifilm FinePix A201,2001,1600.0,1280.0,1.0,36.0,36.0,80.0,8.0,16.0,190.0,99.0,169.0,Fujifilm
222,Fujifilm FinePix A203,2002,1600.0,1280.0,1.0,38.0,114.0,60.0,10.0,16.0,180.0,97.0,169.0,Fujifilm
223,Fujifilm FinePix A205 Zoom,2003,1600.0,1280.0,1.0,36.0,108.0,80.0,10.0,16.0,225.0,99.0,169.0,Fujifilm
224,Fujifilm FinePix A210 Zoom,2003,2048.0,1600.0,3.0,36.0,108.0,80.0,10.0,16.0,225.0,99.0,169.0,Fujifilm
225,Fujifilm FinePix A303,2002,2048.0,1600.0,3.0,38.0,114.0,60.0,10.0,16.0,180.0,97.0,169.0,Fujifilm
226,Fujifilm FinePix A310 Zoom,2003,2816.0,2048.0,3.0,38.0,114.0,60.0,10.0,16.0,190.0,97.0,169.0,Fujifilm
227,Fujifilm FinePix A330,2004,2016.0,1600.0,3.0,38.0,114.0,60.0,10.0,16.0,160.0,104.0,169.0,Fujifilm
228,Fujifilm FinePix A340,2004,2272.0,1600.0,4.0,38.0,114.0,60.0,10.0,16.0,160.0,104.0,169.0,Fujifilm
229,Fujifilm FinePix A345 Zoom,2005,2304.0,2048.0,4.0,35.0,105.0,60.0,6.0,16.0,192.0,90.0,169.0,Fujifilm
230,Fujifilm FinePix A350 Zoom,2005,2592.0,2048.0,5.0,35.0,105.0,60.0,6.0,16.0,192.0,90.0,169.0,Fujifilm
231,Fujifilm FinePix A400 Zoom,2006,2303.0,1600.0,4.0,38.0,114.0,60.0,10.0,12.0,170.0,93.0,169.0,Fujifilm
232,Fujifilm FinePix A500 Zoom,2006,2592.0,2048.0,5.0,38.0,114.0,60.0,10.0,12.0,170.0,93.0,169.0,Fujifilm
233,Fujifilm FinePix A600 Zoom,2006,2848.0,2048.0,6.0,36.0,108.0,50.0,10.0,12.0,195.0,93.0,169.0,Fujifilm
234,Fujifilm FinePix A610,2007,2848.0,2048.0,6.0,39.0,117.0,60.0,10.0,10.0,195.0,98.0,169.0,Fujifilm
235,Fujifilm FinePix A800,2007,3296.0,2304.0,8.0,36.0,108.0,50.0,10.0,10.0,200.0,98.0,169.0,Fujifilm
236,Fujifilm FinePix A820,2007,3296.0,2304.0,8.0,39.0,156.0,60.0,10.0,10.0,205.0,98.0,169.0,Fujifilm
237,Fujifilm FinePix A900,2007,3488.0,2048.0,9.0,39.0,156.0,60.0,10.0,10.0,205.0,98.0,169.0,Fujifilm
238,Fujifilm FinePix A920,2007,3488.0,2592.0,9.0,39.0,156.0,60.0,10.0,10.0,206.0,98.0,169.0,Fujifilm
239,Fujifilm FinePix E500 Zoom,2004,2304.0,1600.0,4.0,28.0,91.0,60.0,6.0,16.0,226.0,101.0,169.0,Fujifilm
240,Fujifilm FinePix E510 Zoom,2004,2592.0,2048.0,5.0,28.0,91.0,60.0,2.0,16.0,226.0,101.0,169.0,Fujifilm
241,Fujifilm FinePix E550 Zoom,2004,4048.0,2048.0,6.0,32.0,130.0,60.0,7.0,16.0,260.0,105.0,169.0,Fujifilm
242,Fujifilm FinePix E900 Zoom,2005,3488.0,2592.0,9.0,32.0,128.0,60.0,7.0,16.0,260.0,102.0,169.0,Fujifilm
243,Fujifilm FinePix F10 Zoom,2005,2848.0,2048.0,6.0,36.0,108.0,60.0,8.0,16.0,190.0,92.0,179.0,Fujifilm
244,Fujifilm FinePix F11 Zoom,2005,2848.0,2048.0,6.0,36.0,108.0,60.0,5.0,16.0,190.0,92.0,199.0,Fujifilm
245,Fujifilm FinePix F20 Zoom,2006,2848.0,2048.0,6.0,36.0,108.0,60.0,5.0,10.0,190.0,94.0,169.0,Fujifilm
246,Fujifilm FinePix F30 Zoom,2006,2848.0,2048.0,6.0,36.0,108.0,60.0,5.0,10.0,185.0,93.0,169.0,Fujifilm
247,Fujifilm FinePix F31 fd,2006,2848.0,2048.0,6.0,36.0,108.0,60.0,5.0,26.0,185.0,93.0,199.0,Fujifilm
248,Fujifilm FinePix F401 Zoom,2002,2304.0,1600.0,2.0,38.0,114.0,60.0,10.0,16.0,200.0,85.0,169.0,Fujifilm
249,Fujifilm FinePix F402,2002,2304.0,1600.0,2.0,39.0,39.0,50.0,6.0,16.0,145.0,77.0,199.0,Fujifilm
250,Fujifilm FinePix F40 fd,2007,3296.0,2304.0,8.0,36.0,108.0,45.0,7.0,25.0,181.0,96.0,199.0,Fujifilm
251,Fujifilm FinePix F410 Zoom,2003,2816.0,2048.0,3.0,38.0,114.0,60.0,10.0,16.0,205.0,85.0,169.0,Fujifilm
252,Fujifilm FinePix F420 Zoom,2003,2816.0,2048.0,3.0,36.0,108.0,60.0,8.0,16.0,180.0,77.0,169.0,Fujifilm
253,Fujifilm FinePix F440 Zoom,2004,2304.0,1600.0,3.0,38.0,130.0,60.0,9.0,16.0,180.0,75.0,169.0,Fujifilm
254,Fujifilm FinePix F450 Zoom,2004,2592.0,2048.0,5.0,38.0,130.0,60.0,9.0,16.0,180.0,75.0,199.0,Fujifilm
255,Fujifilm FinePix F455 Zoom,2004,2592.0,2048.0,5.0,38.0,130.0,60.0,9.0,16.0,180.0,93.0,199.0,Fujifilm
256,Fujifilm FinePix F470 Zoom,2006,2816.0,2048.0,6.0,35.0,105.0,70.0,10.0,16.0,150.0,92.0,169.0,Fujifilm
257,Fujifilm FinePix F480 Zoom,2007,3264.0,2304.0,8.0,28.0,112.0,40.0,5.0,12.0,170.0,96.0,169.0,Fujifilm
258,Fujifilm FinePix F50 fd,2007,4000.0,2848.0,12.0,35.0,105.0,45.0,7.0,25.0,205.0,93.0,199.0,Fujifilm
259,Fujifilm FinePix F601Z,2002,2832.0,2048.0,3.0,36.0,108.0,60.0,20.0,16.0,280.0,72.0,169.0,Fujifilm
260,Fujifilm FinePix F610,2003,4048.0,2848.0,6.0,35.0,105.0,60.0,9.0,16.0,205.0,72.0,169.0,Fujifilm
261,Fujifilm FinePix F650 Zoom,2006,2816.0,2048.0,6.0,36.0,180.0,60.0,3.0,32.0,200.0,105.0,169.0,Fujifilm
262,Fujifilm FinePix F700,2003,2832.0,2048.0,3.0,35.0,105.0,60.0,9.0,16.0,205.0,108.0,169.0,Fujifilm
263,Fujifilm FinePix F710,2004,2832.0,2048.0,3.0,32.0,130.0,60.0,8.0,16.0,225.0,110.0,169.0,Fujifilm
264,Fujifilm FinePix F810 Zoom,2004,4048.0,2848.0,6.0,32.0,130.0,60.0,7.0,16.0,250.0,110.0,169.0,Fujifilm
265,Fujifilm FinePix IS-1,2007,3488.0,2592.0,9.0,28.0,300.0,0.0,0.0,0.0,750.0,128.0,169.0,Fujifilm
266,Fujifilm FinePix M603,2002,2832.0,2048.0,3.0,38.0,76.0,60.0,20.0,16.0,280.0,65.0,169.0,Fujifilm
267,Fujifilm FinePix S20 Pro,2004,2832.0,2016.0,6.0,35.0,210.0,50.0,1.0,16.0,597.0,121.0,1699.0,Fujifilm
268,Fujifilm FinePix S3000 Z,2003,2048.0,1600.0,3.0,38.0,228.0,80.0,10.0,16.0,400.0,100.0,229.0,Fujifilm
269,Fujifilm FinePix S3500 Zoom,2004,2272.0,1600.0,4.0,39.0,234.0,80.0,10.0,16.0,385.0,100.0,229.0,Fujifilm
270,Fujifilm FinePix S5000 Z,2003,2816.0,2048.0,3.0,37.0,370.0,90.0,10.0,16.0,430.0,113.0,229.0,Fujifilm
271,Fujifilm FinePix S5100 Zoom,2004,2272.0,1600.0,4.0,37.0,370.0,90.0,10.0,16.0,387.0,113.0,229.0,Fujifilm
272,Fujifilm FinePix S5200 Zoom,2005,2592.0,2048.0,5.0,38.0,380.0,90.0,1.0,16.0,470.0,114.0,229.0,Fujifilm
273,Fujifilm FinePix S5700 Zoom,2007,3072.0,2304.0,7.0,38.0,380.0,30.0,10.0,27.0,406.0,106.0,229.0,Fujifilm
274,Fujifilm FinePix S6000 fd,2006,2848.0,2048.0,6.0,28.0,300.0,40.0,10.0,10.0,700.0,131.0,399.0,Fujifilm
275,Fujifilm FinePix S602Z,2002,2832.0,2048.0,3.0,35.0,210.0,50.0,1.0,16.0,590.0,121.0,399.0,Fujifilm
276,Fujifilm FinePix S602Z Pro,2002,2832.0,2048.0,3.0,35.0,210.0,50.0,1.0,340.0,590.0,121.0,1699.0,Fujifilm
277,Fujifilm FinePix S7000 Z,2003,4048.0,2848.0,6.0,35.0,210.0,50.0,1.0,16.0,590.0,121.0,229.0,Fujifilm
278,Fujifilm FinePix S8000 fd,2007,3264.0,2304.0,8.0,27.0,486.0,70.0,10.0,58.0,510.0,111.0,399.0,Fujifilm
279,Fujifilm FinePix S9000 Z,2005,3488.0,2592.0,9.0,28.0,300.0,50.0,1.0,16.0,745.0,128.0,229.0,Fujifilm
280,Fujifilm FinePix S9100,2006,3488.0,2592.0,9.0,28.0,300.0,0.0,0.0,0.0,750.0,128.0,229.0,Fujifilm
281,Fujifilm FinePix V10 Zoom,2006,2592.0,2048.0,5.0,36.0,130.0,60.0,9.0,16.0,185.0,83.0,179.0,Fujifilm
282,Fujifilm FinePix Z1,2005,2592.0,2048.0,5.0,36.0,108.0,60.0,8.0,16.0,170.0,90.0,179.0,Fujifilm
283,Fujifilm FinePix Z10  fd,2007,3072.0,2304.0,7.0,38.0,114.0,60.0,8.0,54.0,160.0,91.0,399.0,Fujifilm
284,Fujifilm FinePix Z2,2005,2592.0,2048.0,5.0,36.0,108.0,60.0,8.0,16.0,170.0,90.0,179.0,Fujifilm
285,Fujifilm FinePix Z3,2006,2592.0,2048.0,5.0,36.0,108.0,60.0,8.0,10.0,170.0,89.0,179.0,Fujifilm
286,Fujifilm FinePix IS Pro,2007,4256.0,3024.0,6.0,0.0,0.0,0.0,0.0,0.0,920.0,147.0,1699.0,Fujifilm
287,Fujifilm MX-1200,1999,1280.0,640.0,1.0,38.0,38.0,70.0,10.0,4.0,240.0,110.0,169.0,Fujifilm
288,Fujifilm MX-1400,2000,1280.0,640.0,1.0,38.0,114.0,80.0,10.0,4.0,390.0,74.0,169.0,Fujifilm
289,Fujifilm MX-1500,1999,1280.0,640.0,1.0,38.0,38.0,50.0,10.0,4.0,250.0,104.0,169.0,Fujifilm
290,Fujifilm MX-1700,1999,1280.0,640.0,1.0,38.0,114.0,80.0,20.0,8.0,270.0,79.0,169.0,Fujifilm
291,Fujifilm MX-2700,1999,1800.0,1280.0,2.0,35.0,35.0,50.0,9.0,4.0,260.0,80.0,169.0,Fujifilm
292,Fujifilm MX-2900 Zoom,1999,1800.0,1280.0,2.0,35.0,105.0,90.0,25.0,8.0,385.0,130.0,179.0,Fujifilm
293,Fujifilm FinePix 4700 Zoom,2000,2400.0,1280.0,2.0,36.0,108.0,80.0,20.0,16.0,280.0,78.0,169.0,Fujifilm
294,Fujifilm MX-500,1998,1280.0,640.0,1.0,35.0,35.0,50.0,9.0,2.0,220.0,123.0,169.0,Fujifilm
295,Fujifilm MX-600 Zoom,1999,1280.0,640.0,1.0,38.0,115.0,90.0,25.0,4.0,0.0,122.0,179.0,Fujifilm
296,Fujifilm MX-700,1998,1280.0,640.0,1.0,35.0,35.0,50.0,9.0,2.0,260.0,80.0,169.0,Fujifilm
297,Fujifilm FinePix S1 Pro,2000,3040.0,2340.0,3.0,0.0,0.0,0.0,0.0,16.0,820.0,148.0,1699.0,Fujifilm
298,Fujifilm FinePix S2 Pro,2002,4256.0,3024.0,6.0,0.0,0.0,0.0,0.0,0.0,850.0,142.0,1699.0,Fujifilm
299,Fujifilm FinePix S3 Pro,2004,4256.0,3024.0,6.0,0.0,0.0,0.0,0.0,0.0,930.0,148.0,1699.0,Fujifilm
300,Fujifilm FinePix S5 Pro,2006,4256.0,3024.0,6.0,0.0,0.0,0.0,0.0,0.0,920.0,147.0,1699.0,Fujifilm
301,HP Photosmart 320,2002,1632.0,640.0,2.0,38.0,38.0,75.0,0.0,8.0,240.0,113.0,179.0,HP
302,HP Photosmart 435,2003,2048.0,640.0,3.0,36.0,36.0,85.0,85.0,16.0,190.0,117.0,179.0,HP
303,HP Photosmart 620,2002,1632.0,640.0,2.0,36.0,102.0,20.0,20.0,8.0,280.0,120.0,179.0,HP
304,HP Photosmart 635,2003,1636.0,640.0,2.0,38.0,114.0,80.0,10.0,16.0,240.0,240.0,179.0,HP
305,HP Photosmart 715,2001,2048.0,640.0,3.0,34.0,102.0,60.0,20.0,16.0,320.0,127.0,179.0,HP
306,HP Photosmart 720,2002,2048.0,640.0,3.0,34.0,102.0,20.0,20.0,16.0,340.0,118.0,179.0,HP
307,HP Photosmart 735,2003,2080.0,0.0,3.0,38.0,114.0,0.0,0.0,16.0,290.0,105.0,179.0,HP
308,HP Photosmart 812,2002,2272.0,1136.0,3.0,37.0,111.0,50.0,14.0,0.0,245.0,95.0,179.0,HP
309,HP Photosmart 850,2002,2272.0,1136.0,3.0,37.0,300.0,50.0,10.0,0.0,489.0,114.0,179.0,HP
310,HP Photosmart 935,2003,2608.0,1296.0,5.0,37.0,111.0,50.0,14.0,32.0,260.0,97.0,179.0,HP
311,HP Photosmart 945,2003,2608.0,1296.0,5.0,37.0,300.0,50.0,10.0,32.0,500.0,123.0,179.0,HP
312,HP Photosmart C20,1998,1152.0,576.0,1.0,39.0,39.0,60.0,20.0,4.0,300.0,127.0,179.0,HP
313,HP Photosmart C200,1999,1152.0,640.0,1.0,35.0,35.0,60.0,20.0,8.0,300.0,126.0,179.0,HP
314,HP Photosmart C215,2000,1280.0,640.0,1.0,43.0,43.0,60.0,10.0,4.0,290.0,124.0,179.0,HP
315,HP Photosmart C30,1998,1152.0,576.0,1.0,35.0,35.0,60.0,20.0,4.0,300.0,126.0,179.0,HP
316,HP Photosmart C315,2000,1600.0,640.0,1.0,38.0,38.0,30.0,30.0,8.0,280.0,128.0,179.0,HP
317,HP Photosmart C500,1999,1600.0,640.0,1.0,38.0,115.0,0.0,0.0,16.0,410.0,153.0,179.0,HP
318,HP Photosmart C618,2000,1600.0,800.0,1.0,34.0,108.0,50.0,10.0,16.0,630.0,144.0,179.0,HP
319,HP Photosmart C912,2000,1600.0,800.0,1.0,34.0,108.0,50.0,10.0,16.0,150.0,99.0,179.0,HP
320,HP Photosmart E317,2005,2560.0,2048.0,5.0,35.0,35.0,60.0,10.0,16.0,231.0,95.0,179.0,HP
321,HP Photosmart E327,2006,2560.0,2048.0,5.0,35.0,35.0,60.0,0.0,16.0,170.0,96.0,179.0,HP
322,HP Photosmart E337,2007,2576.0,0.0,5.0,36.0,36.0,100.0,0.0,16.0,170.0,96.0,179.0,HP
323,HP Photosmart M22,2005,2320.0,1600.0,4.0,36.0,36.0,0.0,0.0,16.0,172.0,109.0,179.0,HP
324,HP Photosmart M23,2005,2320.0,1600.0,4.0,36.0,36.0,0.0,10.0,16.0,172.0,109.0,179.0,HP
325,HP Photosmart M307,2004,2080.0,1280.0,3.0,40.0,111.0,80.0,10.0,16.0,177.0,107.0,179.0,HP
326,HP Photosmart M407,2004,2320.0,1280.0,4.0,40.0,111.0,50.0,10.0,16.0,190.0,95.0,179.0,HP
327,HP Photosmart M417,2005,2576.0,2048.0,5.0,36.0,108.0,50.0,12.0,16.0,181.0,96.0,179.0,HP
328,HP Photosmart M425,2006,2576.0,2080.0,5.0,38.0,114.0,50.0,12.0,32.0,172.0,109.0,179.0,HP
329,HP Photosmart M437,2007,2576.0,0.0,5.0,38.0,114.0,50.0,10.0,16.0,190.0,95.0,179.0,HP
330,HP Photosmart M517,2005,2576.0,2048.0,5.0,36.0,108.0,80.0,12.0,16.0,190.0,97.0,179.0,HP
331,HP Photosmart M525,2006,2800.0,2288.0,6.0,38.0,114.0,50.0,12.0,16.0,192.0,96.0,179.0,HP
332,HP Photosmart M527,2006,2800.0,2288.0,6.0,38.0,114.0,50.0,12.0,16.0,227.0,99.0,179.0,HP
333,HP Photosmart M537,2007,2848.0,0.0,6.0,38.0,114.0,50.0,0.0,32.0,157.0,90.0,179.0,HP
334,HP Photosmart Mz67,2007,3264.0,0.0,8.0,35.0,210.0,0.0,14.0,32.0,157.0,90.0,179.0,HP
335,HP Photosmart R507,2004,2320.0,1280.0,4.0,35.0,105.0,50.0,6.0,32.0,205.0,96.0,179.0,HP
336,HP Photosmart R607,2004,2320.0,1280.0,4.0,35.0,105.0,50.0,14.0,32.0,205.0,96.0,179.0,HP
337,HP Photosmart R707,2004,2608.0,1296.0,5.0,39.0,117.0,50.0,14.0,32.0,150.0,93.0,179.0,HP
338,HP Photosmart R717,2005,2864.0,2592.0,6.0,39.0,117.0,50.0,10.0,32.0,150.0,93.0,179.0,HP
339,HP Photosmart R725,2006,2864.0,2592.0,6.0,39.0,118.0,50.0,10.0,32.0,136.0,94.0,179.0,HP
340,HP Photosmart R727,2006,2864.0,2592.0,6.0,39.0,118.0,50.0,5.0,32.0,190.0,91.0,179.0,HP
341,HP Photosmart R742,2007,3096.0,0.0,7.0,36.0,108.0,50.0,3.0,32.0,190.0,91.0,179.0,HP
342,HP Photosmart R817,2005,2592.0,2048.0,5.0,36.0,180.0,20.0,3.0,32.0,205.0,100.0,179.0,HP
343,HP Photosmart R818,2005,2592.0,2048.0,5.0,36.0,180.0,20.0,1.0,32.0,200.0,96.0,179.0,HP
344,HP Photosmart R837,2007,3112.0,0.0,7.0,39.0,118.0,50.0,12.0,32.0,227.0,105.0,179.0,HP
347,JVC GC-QX3HD,2001,2032.0,1024.0,3.0,37.0,86.0,50.0,2.0,8.0,320.0,111.0,14.0,JVC
348,JVC GC-QX5HD,2001,2032.0,1024.0,3.0,37.0,86.0,50.0,2.0,16.0,320.0,111.0,14.0,JVC
349,Kodak C300,2005,2096.0,0.0,3.0,37.0,37.0,80.0,0.0,16.0,198.0,104.0,129.0,Kodak
350,Kodak C310,2005,2336.0,2313.0,4.0,35.0,35.0,85.0,85.0,16.0,154.0,103.0,129.0,Kodak
351,Kodak C330,2005,2336.0,2304.0,4.0,34.0,102.0,60.0,13.0,16.0,180.0,91.0,129.0,Kodak
352,Kodak C340,2005,2576.0,0.0,5.0,34.0,102.0,60.0,13.0,16.0,198.0,92.0,129.0,Kodak
353,Kodak C360,2005,2690.0,2569.0,5.0,34.0,102.0,60.0,7.0,32.0,170.0,84.0,129.0,Kodak
354,Kodak C433,2006,2304.0,2048.0,4.0,36.0,108.0,60.0,10.0,16.0,180.0,91.0,126.0,Kodak
355,Kodak C513,2007,2572.0,2048.0,5.0,36.0,108.0,60.0,13.0,16.0,188.0,91.0,126.0,Kodak
356,Kodak C533,2006,2576.0,2048.0,5.0,37.0,111.0,60.0,10.0,16.0,200.0,91.0,126.0,Kodak
357,Kodak C613,2007,2848.0,2048.0,6.0,36.0,108.0,60.0,13.0,16.0,187.0,91.0,126.0,Kodak
358,Kodak C643,2006,2848.0,2304.0,6.0,36.0,108.0,60.0,13.0,22.0,195.0,92.0,126.0,Kodak
359,Kodak C653,2007,2848.0,2304.0,6.0,36.0,108.0,60.0,10.0,22.0,195.0,89.0,126.0,Kodak
360,Kodak C663,2006,2832.0,2304.0,6.0,34.0,102.0,60.0,5.0,32.0,190.0,85.0,126.0,Kodak
361,Kodak C743,2006,3072.0,2304.0,7.0,37.0,111.0,60.0,13.0,32.0,195.0,92.0,126.0,Kodak
362,Kodak C763,2007,3072.0,2592.0,7.0,35.0,105.0,60.0,5.0,32.0,180.0,90.0,126.0,Kodak
363,Kodak C875,2006,3264.0,2560.0,8.0,37.0,185.0,60.0,10.0,32.0,225.0,91.0,126.0,Kodak
364,Kodak CX4200,2002,1632.0,0.0,2.0,37.0,37.0,75.0,20.0,16.0,250.0,109.0,129.0,Kodak
365,Kodak CX4230,2002,1632.0,0.0,2.0,36.0,108.0,50.0,10.0,16.0,280.0,115.0,129.0,Kodak
366,Kodak CX4300,2002,2080.0,0.0,3.0,38.0,76.0,30.0,15.0,16.0,250.0,109.0,126.0,Kodak
367,Kodak CX6200,2003,1632.0,0.0,2.0,37.0,37.0,50.0,50.0,8.0,195.0,104.0,129.0,Kodak
368,Kodak CX6230,2003,1632.0,0.0,2.0,36.0,108.0,50.0,50.0,16.0,225.0,104.0,129.0,Kodak
369,Kodak CX6330,2003,2032.0,0.0,3.0,37.0,111.0,60.0,60.0,16.0,225.0,103.0,126.0,Kodak
370,Kodak CX7220,2004,0.0,0.0,2.0,37.0,78.0,50.0,60.0,16.0,195.0,104.0,129.0,Kodak
371,Kodak CX7300,2004,2096.0,0.0,3.0,37.0,37.0,80.0,0.0,16.0,162.0,104.0,126.0,Kodak
372,Kodak CX7330,2004,2032.0,0.0,3.0,37.0,111.0,60.0,13.0,16.0,225.0,103.0,126.0,Kodak
373,Kodak CX7430,2004,2408.0,0.0,4.0,34.0,102.0,60.0,10.0,16.0,198.0,103.0,126.0,Kodak
374,Kodak CX7530,2004,2560.0,0.0,4.0,34.0,102.0,60.0,10.0,32.0,240.0,103.0,126.0,Kodak
375,Kodak DC200,1998,1152.0,640.0,0.0,39.0,39.0,70.0,0.0,4.0,400.0,131.0,129.0,Kodak
376,Kodak DC200 plus,1999,1152.0,640.0,0.0,39.0,39.0,70.0,0.0,4.0,400.0,131.0,129.0,Kodak
377,Kodak DC210 plus,1998,1152.0,640.0,0.0,29.0,58.0,50.0,20.0,8.0,400.0,131.0,129.0,Kodak
378,Kodak DC215,1999,1152.0,640.0,0.0,29.0,58.0,50.0,20.0,4.0,320.0,115.0,129.0,Kodak
379,Kodak DC220,1998,1152.0,640.0,0.0,29.0,58.0,50.0,20.0,8.0,550.0,118.0,129.0,Kodak
380,Kodak DC240,1999,1280.0,640.0,1.0,39.0,117.0,50.0,25.0,8.0,420.0,133.0,129.0,Kodak
381,Kodak DC260,1998,1536.0,768.0,1.0,38.0,115.0,30.0,0.0,8.0,550.0,118.0,129.0,Kodak
382,Kodak DC265,1999,1536.0,768.0,1.0,38.0,115.0,30.0,0.0,16.0,550.0,118.0,129.0,Kodak
383,Kodak DC280,1999,1760.0,896.0,2.0,30.0,60.0,50.0,25.0,20.0,420.0,133.0,129.0,Kodak
384,Kodak DC290,1999,1792.0,1440.0,2.0,38.0,115.0,30.0,0.0,20.0,550.0,118.0,129.0,Kodak
385,Kodak DC3200,2000,1152.0,576.0,0.0,39.0,39.0,60.0,0.0,2.0,240.0,113.0,129.0,Kodak
386,Kodak DC3400,2000,1760.0,896.0,2.0,38.0,76.0,50.0,25.0,20.0,420.0,133.0,129.0,Kodak
387,Kodak DC3800,2000,1760.0,896.0,2.0,33.0,33.0,50.0,20.0,0.0,200.0,95.0,129.0,Kodak
388,Kodak DC4800,2000,2160.0,1800.0,3.0,28.0,84.0,50.0,20.0,16.0,320.0,120.0,129.0,Kodak
389,Kodak DC5000,2000,1760.0,896.0,2.0,30.0,60.0,50.0,20.0,16.0,459.0,140.0,126.0,Kodak
390,Kodak DCS 14n,2002,4536.0,3024.0,13.0,0.0,0.0,0.0,0.0,0.0,1000.0,131.0,129.0,Kodak
391,Kodak DCS315,1998,1520.0,0.0,1.0,0.0,0.0,0.0,0.0,0.0,1800.0,137.0,126.0,Kodak
392,Kodak DCS330,1999,2008.0,0.0,3.0,0.0,0.0,0.0,0.0,0.0,1080.0,137.0,126.0,Kodak
393,Kodak DCS420,1994,1524.0,0.0,1.0,0.0,0.0,0.0,0.0,0.0,1700.0,170.0,129.0,Kodak
394,Kodak DCS460,1995,3060.0,0.0,6.0,0.0,0.0,0.0,0.0,0.0,1700.0,170.0,129.0,Kodak
395,Kodak DCS520,1998,1728.0,0.0,2.0,0.0,0.0,0.0,0.0,0.0,1650.0,161.0,129.0,Kodak
396,Kodak DCS560,1998,3040.0,0.0,6.0,0.0,0.0,0.0,0.0,0.0,1650.0,161.0,129.0,Kodak
397,Kodak DCS620,1999,1728.0,0.0,2.0,0.0,0.0,0.0,0.0,0.0,1580.0,194.0,129.0,Kodak
398,Kodak DCS620x,2000,1728.0,0.0,2.0,0.0,0.0,0.0,0.0,0.0,1580.0,194.0,129.0,Kodak
399,Kodak DCS660,1999,3040.0,0.0,6.0,0.0,0.0,0.0,0.0,0.0,1580.0,194.0,129.0,Kodak
400,Kodak DCS720x,2001,1728.0,0.0,2.0,0.0,0.0,0.0,0.0,0.0,1580.0,194.0,129.0,Kodak
401,Kodak DCS760,2001,3032.0,0.0,6.0,0.0,0.0,0.0,0.0,0.0,1860.0,194.0,129.0,Kodak
402,Kodak DCS SLR/c,2004,4500.0,3000.0,13.0,0.0,0.0,0.0,0.0,0.0,1000.0,137.0,129.0,Kodak
403,Kodak DCS SLR/n,2004,4500.0,3000.0,13.0,0.0,0.0,0.0,0.0,0.0,1000.0,131.0,129.0,Kodak
404,Kodak DX3215,2001,1280.0,0.0,1.0,30.0,60.0,75.0,22.0,8.0,260.0,121.0,129.0,Kodak
405,Kodak DX3500,2001,1800.0,900.0,2.0,38.0,38.0,75.0,22.0,8.0,225.0,120.0,129.0,Kodak
406,Kodak DX3600,2001,1800.0,900.0,2.0,35.0,70.0,50.0,28.0,8.0,250.0,120.0,129.0,Kodak
407,Kodak DX3700,2001,2160.0,0.0,3.0,37.0,37.0,50.0,15.0,8.0,250.0,150.0,129.0,Kodak
408,Kodak DX3900,2001,2160.0,1800.0,3.0,35.0,70.0,50.0,7.0,8.0,260.0,116.0,129.0,Kodak
409,Kodak DX4330,2002,2160.0,1800.0,3.0,38.0,114.0,60.0,7.0,16.0,260.0,111.0,126.0,Kodak
410,Kodak DX4530,2003,2580.0,0.0,5.0,38.0,114.0,60.0,7.0,32.0,210.0,111.0,126.0,Kodak
411,Kodak DX4900,2002,2448.0,2160.0,4.0,35.0,70.0,50.0,7.0,16.0,260.0,116.0,129.0,Kodak
412,Kodak DX6340,2003,2032.0,0.0,3.0,36.0,144.0,50.0,10.0,16.0,280.0,109.0,126.0,Kodak
413,Kodak DX6440,2003,2304.0,0.0,4.0,33.0,132.0,50.0,10.0,16.0,270.0,109.0,129.0,Kodak
414,Kodak DX6490,2003,2304.0,0.0,4.0,38.0,380.0,60.0,12.0,16.0,380.0,100.0,129.0,Kodak
415,Kodak DX7440,2004,2304.0,2048.0,4.0,33.0,132.0,50.0,10.0,32.0,270.0,100.0,129.0,Kodak
416,Kodak DX7590,2004,2576.0,2576.0,5.0,38.0,380.0,60.0,12.0,32.0,400.0,97.0,126.0,Kodak
417,Kodak DX7630,2004,2872.0,0.0,6.0,39.0,117.0,60.0,7.0,32.0,270.0,100.0,126.0,Kodak
418,Kodak Easyshare One,2005,2304.0,0.0,4.0,36.0,100.0,60.0,10.0,256.0,275.0,103.0,296.0,Kodak
419,Kodak LS420,2002,1752.0,876.0,2.0,38.0,38.0,80.0,0.0,8.0,160.0,109.0,129.0,Kodak
420,Kodak LS443,2002,2448.0,2160.0,4.0,35.0,105.0,70.0,13.0,16.0,260.0,109.0,129.0,Kodak
421,Kodak LS633,2003,2041.0,0.0,3.0,37.0,111.0,60.0,13.0,16.0,260.0,114.0,126.0,Kodak
422,Kodak LS743,2004,2304.0,0.0,4.0,36.0,100.0,60.0,12.0,16.0,220.0,108.0,126.0,Kodak
423,Kodak LS753,2004,2569.0,0.0,5.0,36.0,108.0,60.0,12.0,32.0,220.0,108.0,126.0,Kodak
424,Kodak LS755,2004,2592.0,2288.0,5.0,36.0,108.0,70.0,5.0,16.0,210.0,95.0,126.0,Kodak
425,Kodak M753,2007,3056.0,2592.0,7.0,37.0,111.0,40.0,7.0,16.0,165.0,93.0,126.0,Kodak
426,Kodak M853,2007,3296.0,2592.0,8.0,37.0,111.0,40.0,7.0,16.0,165.0,93.0,146.0,Kodak
427,Kodak M873,2007,3264.0,2592.0,8.0,38.0,114.0,70.0,10.0,32.0,160.0,92.0,146.0,Kodak
428,Kodak M883,2007,3280.0,0.0,8.0,38.0,114.0,70.0,10.0,64.0,166.0,92.0,146.0,Kodak
429,Kodak mc3,2001,640.0,0.0,0.0,37.0,37.0,70.0,0.0,16.0,198.0,105.0,129.0,Kodak
430,Kodak P712,2006,3072.0,2592.0,7.0,36.0,432.0,50.0,10.0,32.0,440.0,108.0,126.0,Kodak
431,Kodak P850,2005,2592.0,2048.0,5.0,36.0,432.0,10.0,10.0,32.0,450.0,108.0,146.0,Kodak
432,Kodak P880,2005,3264.0,2560.0,8.0,24.0,140.0,10.0,5.0,32.0,570.0,116.0,146.0,Kodak
433,Kodak V1003,2007,3648.0,2560.0,10.0,36.0,108.0,60.0,5.0,24.0,185.0,103.0,129.0,Kodak
434,Kodak V530,2005,2569.0,2576.0,5.0,36.0,108.0,60.0,7.0,16.0,150.0,92.0,126.0,Kodak
435,Kodak V550,2005,2569.0,2576.0,5.0,36.0,108.0,60.0,7.0,32.0,160.0,94.0,126.0,Kodak
436,Kodak V570,2006,2569.0,2576.0,5.0,39.0,117.0,0.0,0.0,32.0,175.0,101.0,129.0,Kodak
437,Kodak V610,2006,2832.0,2304.0,6.0,38.0,380.0,0.0,0.0,32.0,195.0,111.0,129.0,Kodak
438,Kodak V705,2006,3072.0,2576.0,7.0,23.0,117.0,60.0,5.0,32.0,165.0,101.0,126.0,Kodak
439,Kodak V803,2007,3264.0,2560.0,8.0,36.0,108.0,60.0,5.0,24.0,185.0,103.0,146.0,Kodak
440,Kodak Z1275,2007,4000.0,2832.0,12.0,35.0,175.0,60.0,10.0,64.0,211.0,90.0,129.0,Kodak
441,Kodak Z612,2006,2848.0,2304.0,6.0,35.0,420.0,50.0,10.0,32.0,330.0,104.0,129.0,Kodak
442,Kodak Z650,2006,2848.0,2304.0,6.0,38.0,380.0,60.0,12.0,32.0,320.0,98.0,126.0,Kodak
443,Kodak Z700,2005,2304.0,0.0,4.0,35.0,175.0,60.0,10.0,16.0,270.0,97.0,126.0,Kodak
444,Kodak Z710,2006,3072.0,2592.0,7.0,38.0,380.0,60.0,12.0,32.0,360.0,98.0,126.0,Kodak
445,Kodak Z712,2007,3072.0,2592.0,7.0,36.0,423.0,60.0,13.0,32.0,350.0,104.0,126.0,Kodak
446,Kodak Z730,2005,2576.0,2304.0,5.0,33.0,132.0,50.0,10.0,32.0,270.0,100.0,126.0,Kodak
447,Kodak Z740,2005,2576.0,2304.0,5.0,38.0,380.0,60.0,12.0,32.0,330.0,98.0,126.0,Kodak
448,Kodak Z7590,2005,2576.0,2576.0,5.0,38.0,380.0,60.0,12.0,32.0,400.0,97.0,126.0,Kodak
449,Kodak Z760,2005,2872.0,2856.0,6.0,39.0,117.0,60.0,7.0,32.0,259.0,100.0,126.0,Kodak
450,Kodak Z885,2007,3264.0,2592.0,8.0,36.0,180.0,60.0,7.0,32.0,211.0,90.0,146.0,Kodak
451,Kyocera Finecam 3300,2000,2048.0,1024.0,3.0,38.0,76.0,60.0,10.0,8.0,240.0,38.0,169.0,Kyocera
452,Kyocera Finecam L30,2003,2048.0,1024.0,3.0,38.0,115.0,60.0,20.0,16.0,220.0,111.0,169.0,Kyocera
453,Kyocera Finecam L3V,2003,2048.0,1600.0,3.0,38.0,115.0,60.0,20.0,16.0,220.0,112.0,169.0,Kyocera
454,Kyocera Finecam L4V,2003,2304.0,1600.0,4.0,35.0,105.0,60.0,20.0,16.0,220.0,112.0,199.0,Kyocera
455,Kyocera Finecam M400R,2004,2272.0,1600.0,4.0,37.0,370.0,60.0,10.0,0.0,340.0,107.0,169.0,Kyocera
456,Kyocera Finecam M410R,2004,2272.0,1600.0,4.0,37.0,370.0,60.0,10.0,0.0,340.0,107.0,179.0,Kyocera
457,Kyocera Finecam S3,2001,2048.0,1024.0,3.0,38.0,76.0,30.0,6.0,16.0,160.0,30.0,1699.0,Kyocera
458,Kyocera Finecam S3L,2002,2048.0,1600.0,3.0,35.0,105.0,55.0,12.0,16.0,205.0,92.0,1699.0,Kyocera
459,Kyocera Finecam S3R,2003,2048.0,1600.0,3.0,35.0,105.0,60.0,17.0,16.0,205.0,92.0,1699.0,Kyocera
460,Kyocera Finecam S3x,2002,2048.0,1024.0,3.0,35.0,105.0,55.0,12.0,16.0,175.0,32.0,1699.0,Kyocera
461,Kyocera Finecam S4,2002,2272.0,1280.0,3.0,35.0,105.0,55.0,12.0,16.0,175.0,32.0,1699.0,Kyocera
462,Kyocera Finecam S5,2002,2560.0,1600.0,5.0,35.0,105.0,55.0,12.0,16.0,205.0,92.0,1699.0,Kyocera
463,Kyocera Finecam S5R,2003,2560.0,1600.0,5.0,35.0,105.0,60.0,17.0,16.0,205.0,92.0,1699.0,Kyocera
464,Kyocera Finecam SL300R,2003,2048.0,1600.0,3.0,35.0,115.0,60.0,20.0,16.0,175.0,100.0,229.0,Kyocera
465,Kyocera Finecam SL400R,2004,2272.0,1600.0,3.0,35.0,115.0,60.0,20.0,16.0,155.0,100.0,229.0,Kyocera
466,Leica C-LUX 1,2006,2816.0,2048.0,6.0,28.0,102.0,50.0,5.0,16.0,155.0,94.0,509.0,Leica
467,Leica Digilux,1998,1280.0,640.0,1.0,35.0,35.0,50.0,9.0,2.0,260.0,80.0,149.0,Leica
468,Leica Digilux 1,2002,2240.0,1600.0,3.0,33.0,100.0,30.0,6.0,32.0,455.0,127.0,249.0,Leica
469,Leica Digilux 2,2003,2560.0,2048.0,4.0,28.0,90.0,30.0,30.0,64.0,705.0,135.0,249.0,Leica
470,Leica Digilux 3,2006,3136.0,2560.0,7.0,0.0,0.0,0.0,0.0,0.0,606.0,146.0,269.0,Leica
471,Leica Digilux 4.3,2000,2400.0,1280.0,2.0,36.0,108.0,80.0,20.0,16.0,280.0,78.0,149.0,Leica
472,Leica Digilux Zoom,2000,1280.0,640.0,1.0,38.0,114.0,80.0,20.0,8.0,270.0,79.0,249.0,Leica
473,Leica D-LUX 2,2005,3840.0,3072.0,8.0,28.0,112.0,50.0,5.0,32.0,220.0,106.0,509.0,Leica
474,Leica D-LUX 3,2006,4224.0,3840.0,10.0,28.0,112.0,50.0,5.0,13.0,220.0,106.0,509.0,Leica
475,Leica M8,2006,3936.0,2952.0,10.0,0.0,0.0,0.0,0.0,0.0,591.0,139.0,146.0,Leica
476,Leica V-LUX 1,2006,3648.0,3264.0,10.0,35.0,420.0,30.0,5.0,32.0,734.0,141.0,509.0,Leica
477,Nikon Coolpix 100,1997,512.0,320.0,0.0,52.0,52.0,23.0,14.0,1.0,200.0,60.0,229.0,Nikon
478,Nikon Coolpix 2000,2002,1632.0,1024.0,1.0,38.0,114.0,0.0,0.0,8.0,295.0,108.0,229.0,Nikon
479,Nikon Coolpix 2100,2003,1600.0,1024.0,1.0,36.0,108.0,30.0,4.0,8.0,215.0,88.0,99.0,Nikon
480,Nikon Coolpix 2200,2004,1600.0,1024.0,1.0,36.0,108.0,30.0,4.0,14.0,190.0,88.0,229.0,Nikon
481,Nikon Coolpix 2500,2002,1600.0,1280.0,1.0,37.0,111.0,30.0,4.0,8.0,250.0,114.0,229.0,Nikon
482,Nikon Coolpix 300,1997,640.0,0.0,0.0,45.0,45.0,23.0,14.0,4.0,250.0,78.0,229.0,Nikon
483,Nikon Coolpix 3100,2003,2048.0,1600.0,3.0,38.0,115.0,30.0,4.0,16.0,215.0,88.0,99.0,Nikon
484,Nikon Coolpix 3200,2004,2048.0,1600.0,3.0,38.0,115.0,30.0,4.0,14.0,190.0,88.0,229.0,Nikon
485,Nikon Coolpix 3500,2002,2048.0,1600.0,3.0,37.0,111.0,30.0,4.0,8.0,250.0,114.0,229.0,Nikon
486,Nikon Coolpix 3700,2003,2048.0,1600.0,3.0,35.0,105.0,30.0,3.0,16.0,162.0,95.5,229.0,Nikon
487,Nikon Coolpix 4100,2004,2288.0,1600.0,3.0,35.0,105.0,0.0,0.0,14.0,190.0,88.0,99.0,Nikon
488,Nikon Coolpix 4200,2004,2272.0,2048.0,3.0,38.0,114.0,30.0,4.0,12.0,180.0,88.0,229.0,Nikon
489,Nikon Coolpix 4300,2002,2272.0,2048.0,3.0,38.0,114.0,30.0,4.0,16.0,286.0,95.0,229.0,Nikon
490,Nikon Coolpix 4500,2002,2272.0,1280.0,3.0,38.0,155.0,30.0,2.0,16.0,374.0,130.0,229.0,Nikon
491,Nikon Coolpix 4600,2005,2288.0,1600.0,3.0,34.0,102.0,30.0,4.0,14.0,180.0,85.0,229.0,Nikon
492,Nikon Coolpix 4800,2004,2288.0,1600.0,4.0,36.0,300.0,40.0,1.0,13.0,295.0,106.0,229.0,Nikon
493,Nikon Coolpix 5000,2001,2560.0,1600.0,4.0,28.0,85.0,50.0,2.0,32.0,414.0,102.0,229.0,Nikon
494,Nikon Coolpix 5200,2004,2592.0,2048.0,5.0,38.0,114.0,30.0,4.0,12.0,180.0,88.0,229.0,Nikon
495,Nikon Coolpix 5400,2003,2592.0,1600.0,5.0,28.0,116.0,50.0,1.0,16.0,400.0,108.0,229.0,Nikon
496,Nikon Coolpix 5600,2005,2592.0,2048.0,5.0,34.0,102.0,30.0,4.0,14.0,180.0,85.0,229.0,Nikon
497,Nikon Coolpix 5700,2002,2560.0,1600.0,4.0,35.0,280.0,50.0,3.0,32.0,512.0,108.0,229.0,Nikon
498,Nikon Coolpix 5900,2005,2592.0,2048.0,5.0,38.0,114.0,30.0,4.0,13.0,185.0,88.0,229.0,Nikon
499,Nikon Coolpix 600,1998,1024.0,512.0,0.0,36.0,36.0,50.0,14.0,8.0,220.0,110.0,229.0,Nikon
500,Nikon Coolpix 700,1999,1600.0,640.0,1.0,35.0,35.0,30.0,9.0,8.0,340.0,114.0,229.0,Nikon
501,Nikon Coolpix 7600,2005,3072.0,2592.0,7.0,38.0,114.0,30.0,4.0,14.0,195.0,85.0,229.0,Nikon
502,Nikon Coolpix 775,2001,1600.0,1024.0,1.0,38.0,115.0,30.0,4.0,8.0,230.0,87.0,159.0,Nikon
503,Nikon Coolpix 7900,2005,3072.0,2592.0,7.0,38.0,114.0,30.0,4.0,13.0,185.0,88.0,229.0,Nikon
504,Nikon Coolpix 800,1999,1600.0,640.0,1.0,38.0,76.0,30.0,7.0,8.0,360.0,119.0,229.0,Nikon
505,Nikon Coolpix 8400,2004,3264.0,2592.0,8.0,24.0,85.0,50.0,3.0,0.0,470.0,113.0,229.0,Nikon
506,Nikon Coolpix 8700,2004,3264.0,2592.0,8.0,35.0,280.0,50.0,3.0,0.0,512.0,113.0,229.0,Nikon
507,Nikon Coolpix 880,2000,2048.0,1024.0,3.0,38.0,95.0,40.0,4.0,8.0,320.0,99.5,229.0,Nikon
508,Nikon Coolpix 8800,2004,3264.0,2592.0,8.0,35.0,350.0,50.0,3.0,0.0,680.0,116.0,229.0,Nikon
509,Nikon Coolpix 885,2001,2048.0,1024.0,3.0,38.0,114.0,40.0,4.0,16.0,286.0,95.0,159.0,Nikon
510,Nikon Coolpix 900,1998,1280.0,640.0,1.0,38.0,115.0,50.0,20.0,4.0,420.0,157.0,229.0,Nikon
511,Nikon Coolpix 900S,1998,1280.0,640.0,1.0,38.0,115.0,50.0,20.0,8.0,420.0,157.0,229.0,Nikon
512,Nikon Coolpix 950,1999,1600.0,1024.0,1.0,38.0,115.0,30.0,2.0,8.0,480.0,143.0,229.0,Nikon
513,Nikon Coolpix 990,2000,2048.0,1024.0,3.0,38.0,115.0,30.0,2.0,16.0,450.0,143.0,229.0,Nikon
514,Nikon Coolpix 995,2001,2048.0,1600.0,3.0,38.0,152.0,30.0,2.0,16.0,420.0,138.0,159.0,Nikon
515,Nikon Coolpix L1,2005,2816.0,2048.0,6.0,38.0,190.0,50.0,4.0,10.0,195.0,90.0,99.0,Nikon
516,Nikon Coolpix L10,2007,2560.0,2048.0,4.0,37.0,112.0,40.0,15.0,7.0,165.0,90.0,99.0,Nikon
517,Nikon Coolpix L11,2007,2816.0,2048.0,6.0,37.0,112.0,40.0,15.0,7.0,175.0,90.0,99.0,Nikon
518,Nikon Coolpix L12,2007,3072.0,2592.0,7.0,35.0,105.0,50.0,15.0,21.0,175.0,91.0,99.0,Nikon
519,Nikon Coolpix L14,2007,3072.0,2048.0,7.0,38.0,114.0,60.0,10.0,23.0,225.0,91.0,129.0,Nikon
520,Nikon Coolpix L15,2007,3264.0,2592.0,8.0,35.0,105.0,50.0,15.0,32.0,225.0,91.0,159.0,Nikon
521,Nikon Coolpix L2,2006,2816.0,2048.0,6.0,38.0,116.0,30.0,10.0,23.0,170.0,91.0,99.0,Nikon
522,Nikon Coolpix L3,2006,2592.0,2048.0,5.0,38.0,116.0,30.0,10.0,23.0,170.0,91.0,99.0,Nikon
523,Nikon Coolpix L4,2006,2272.0,1600.0,3.0,38.0,114.0,30.0,4.0,10.0,165.0,87.0,99.0,Nikon
524,Nikon Coolpix L5,2006,3072.0,2592.0,7.0,38.0,190.0,50.0,4.0,8.0,210.0,97.0,99.0,Nikon
525,Nikon Coolpix L6,2006,2816.0,2048.0,6.0,38.0,116.0,30.0,10.0,23.0,175.0,91.0,99.0,Nikon
526,Nikon Coolpix P1,2005,3264.0,2592.0,8.0,35.0,126.0,50.0,4.0,32.0,185.0,91.0,99.0,Nikon
527,Nikon Coolpix P2,2005,2592.0,2048.0,5.0,35.0,126.0,50.0,4.0,16.0,185.0,91.0,229.0,Nikon
528,Nikon Coolpix P3,2006,3264.0,2592.0,8.0,36.0,126.0,30.0,4.0,23.0,200.0,92.0,229.0,Nikon
529,Nikon Coolpix P4,2006,3264.0,2592.0,8.0,36.0,126.0,30.0,4.0,23.0,200.0,92.0,229.0,Nikon
530,Nikon Coolpix P50,2007,3264.0,3200.0,8.0,28.0,102.0,50.0,5.0,52.0,210.0,95.0,229.0,Nikon
531,Nikon Coolpix P5000,2007,3648.0,2592.0,10.0,36.0,126.0,30.0,4.0,26.0,240.0,98.0,399.0,Nikon
532,Nikon Coolpix P5100,2007,4000.0,3264.0,12.0,35.0,123.0,30.0,4.0,52.0,250.0,98.0,399.0,Nikon
533,Nikon Coolpix S1,2005,2592.0,2048.0,5.0,35.0,105.0,30.0,4.0,12.0,170.0,90.0,99.0,Nikon
534,Nikon Coolpix S10,2006,2816.0,2048.0,6.0,38.0,380.0,30.0,4.0,16.0,280.0,113.0,99.0,Nikon
535,Nikon Coolpix S2,2005,2592.0,2048.0,5.0,35.0,105.0,30.0,4.0,12.0,160.0,92.0,199.0,Nikon
536,Nikon Coolpix S200,2007,3072.0,2592.0,7.0,38.0,114.0,60.0,10.0,20.0,165.0,92.0,229.0,Nikon
537,Nikon Coolpix S3,2005,2816.0,2048.0,6.0,35.0,105.0,30.0,4.0,12.0,132.0,90.0,199.0,Nikon
538,Nikon Coolpix S4,2005,2816.0,2048.0,6.0,38.0,380.0,30.0,6.0,13.0,225.0,112.0,199.0,Nikon
539,Nikon Coolpix S5,2006,2816.0,2048.0,6.0,35.0,105.0,30.0,4.0,21.0,165.0,93.0,229.0,Nikon
540,Nikon Coolpix S50,2007,3072.0,2592.0,7.0,38.0,114.0,30.0,4.0,13.0,165.0,88.0,229.0,Nikon
541,Nikon Coolpix S500,2007,3072.0,2592.0,7.0,35.0,105.0,50.0,15.0,26.0,165.0,88.0,229.0,Nikon
542,Nikon Coolpix S50c,2007,3072.0,2592.0,7.0,38.0,114.0,30.0,4.0,13.0,165.0,88.0,329.0,Nikon
543,Nikon Coolpix S51,2007,3264.0,2592.0,7.0,38.0,114.0,30.0,4.0,13.0,175.0,93.0,279.0,Nikon
544,Nikon Coolpix S510,2007,3264.0,3200.0,8.0,35.0,105.0,50.0,15.0,52.0,125.0,88.0,399.0,Nikon
545,Nikon Coolpix S51c,2007,3264.0,2592.0,7.0,38.0,114.0,30.0,4.0,13.0,175.0,98.0,329.0,Nikon
546,Nikon Coolpix S6,2006,2816.0,2048.0,6.0,35.0,105.0,30.0,4.0,20.0,170.0,101.0,199.0,Nikon
547,Nikon Coolpix S7c,2006,3072.0,2592.0,7.0,35.0,105.0,30.0,4.0,14.0,170.0,101.0,199.0,Nikon
548,Nikon Coolpix S9,2006,2816.0,2048.0,6.0,38.0,114.0,25.0,4.0,24.0,165.0,91.0,199.0,Nikon
549,Nikon Coolpix SQ,2003,2016.0,1600.0,3.0,37.0,111.0,30.0,4.0,16.0,216.0,83.0,199.0,Nikon
550,Nikon D1,1999,2000.0,0.0,2.0,0.0,0.0,0.0,0.0,0.0,1200.0,157.0,1599.0,Nikon
551,Nikon D100,2002,3008.0,2240.0,6.0,0.0,0.0,0.0,0.0,0.0,780.0,144.0,1599.0,Nikon
552,Nikon D1H,2001,2000.0,0.0,2.0,0.0,0.0,0.0,0.0,0.0,1200.0,157.0,1599.0,Nikon
553,Nikon D1X,2001,3008.0,2000.0,5.0,0.0,0.0,0.0,0.0,0.0,1200.0,157.0,4699.0,Nikon
554,Nikon D200,2005,3872.0,2896.0,10.0,0.0,0.0,0.0,0.0,0.0,920.0,147.0,1599.0,Nikon
555,Nikon D2H,2003,2464.0,1840.0,4.0,0.0,0.0,0.0,0.0,0.0,1200.0,158.0,1599.0,Nikon
556,Nikon D2Hs,2005,2464.0,1840.0,4.0,0.0,0.0,0.0,0.0,0.0,1200.0,158.0,4699.0,Nikon
557,Nikon D2X,2004,4288.0,3216.0,12.0,0.0,0.0,0.0,0.0,0.0,1200.0,158.0,4699.0,Nikon
558,Nikon D2Xs,2006,4288.0,3216.0,12.0,0.0,0.0,0.0,0.0,0.0,1200.0,158.0,4699.0,Nikon
559,Nikon D3,2007,4256.0,3184.0,12.0,0.0,0.0,0.0,0.0,0.0,1300.0,160.0,4999.0,Nikon
560,Nikon D300,2007,4288.0,3216.0,12.0,0.0,0.0,0.0,0.0,0.0,925.0,147.0,1799.0,Nikon
561,Nikon D40,2006,3008.0,2256.0,6.0,0.0,0.0,0.0,0.0,0.0,522.0,124.0,549.0,Nikon
562,Nikon D40X,2007,3872.0,2896.0,10.0,0.0,0.0,0.0,0.0,0.0,522.0,124.0,549.0,Nikon
563,Nikon D50,2005,3008.0,2256.0,6.0,0.0,0.0,0.0,0.0,0.0,620.0,133.0,1599.0,Nikon
564,Nikon D70,2004,3008.0,2240.0,6.0,0.0,0.0,0.0,0.0,0.0,679.0,140.0,1599.0,Nikon
565,Nikon D70s,2005,3008.0,2240.0,6.0,0.0,0.0,0.0,0.0,0.0,679.0,140.0,1599.0,Nikon
566,Nikon D80,2006,3872.0,2896.0,10.0,0.0,0.0,0.0,0.0,0.0,668.0,132.0,1199.0,Nikon
567,Olympus C-1,2001,1280.0,640.0,1.0,35.0,35.0,50.0,10.0,8.0,190.0,110.0,1699.0,Olympus
568,Olympus D-370,2001,1280.0,1024.0,1.0,35.0,35.0,60.0,25.0,1.0,190.0,123.0,1699.0,Olympus
569,Olympus D-380,2002,1600.0,1024.0,1.0,35.0,35.0,60.0,25.0,8.0,250.0,123.0,1699.0,Olympus
570,Olympus D-150Z,2001,1280.0,640.0,1.0,38.0,114.0,50.0,20.0,8.0,190.0,110.0,1699.0,Olympus
571,Olympus C-2,2001,1600.0,1024.0,1.0,36.0,36.0,50.0,10.0,16.0,220.0,110.0,1699.0,Olympus
572,Olympus C-2000 Zoom,1999,1600.0,1024.0,1.0,35.0,105.0,80.0,20.0,8.0,380.0,108.0,129.0,Olympus
573,Olympus D-510 Zoom,2001,1600.0,1024.0,1.0,35.0,105.0,80.0,20.0,8.0,250.0,118.0,129.0,Olympus
574,Olympus C-2020 Zoom,1999,1600.0,1024.0,1.0,35.0,105.0,80.0,20.0,8.0,380.0,108.0,129.0,Olympus
575,Olympus C-2040 Zoom,2000,1600.0,1024.0,1.0,40.0,120.0,80.0,20.0,8.0,380.0,108.0,129.0,Olympus
576,Olympus C-21,1999,1600.0,1024.0,1.0,38.0,38.0,60.0,15.0,8.0,190.0,107.0,1699.0,Olympus
577,Olympus C-2100 UZ,2000,1600.0,1280.0,1.0,38.0,380.0,60.0,10.0,8.0,540.0,113.0,129.0,Olympus
578,Olympus C-2500 L,1999,1712.0,1280.0,2.0,36.0,110.0,80.0,2.0,32.0,530.0,109.0,129.0,Olympus
579,Olympus C-3000 Zoom,2000,2048.0,1600.0,3.0,32.0,96.0,80.0,20.0,8.0,380.0,109.0,1699.0,Olympus
580,Olympus C-300 Zoom,2002,1984.0,1600.0,3.0,36.0,100.0,80.0,20.0,16.0,300.0,118.0,1699.0,Olympus
581,Olympus C-3020 Zoom,2001,2048.0,1600.0,3.0,32.0,96.0,80.0,20.0,8.0,380.0,109.0,1699.0,Olympus
582,Olympus C-3030 Zoom,2000,2048.0,1600.0,3.0,32.0,96.0,80.0,20.0,16.0,380.0,109.0,1699.0,Olympus
583,Olympus C-3040 Zoom,2000,2048.0,1600.0,3.0,35.0,105.0,80.0,20.0,16.0,420.0,109.0,1699.0,Olympus
584,Olympus C-4000 Zoom,2002,2288.0,2048.0,3.0,32.0,96.0,80.0,2.0,16.0,400.0,110.0,129.0,Olympus
585,Olympus C-4040 Zoom,2001,2272.0,2048.0,3.0,35.0,105.0,80.0,20.0,16.0,420.0,110.0,129.0,Olympus
586,Olympus D-40 Zoom,2001,2272.0,2048.0,3.0,35.0,98.0,80.0,10.0,16.0,270.0,87.0,1699.0,Olympus
587,Olympus C-5000 Zoom,2003,2560.0,2272.0,4.0,38.0,114.0,50.0,4.0,32.0,280.0,105.0,449.0,Olympus
588,Olympus C-5050 Zoom,2002,2560.0,2288.0,4.0,35.0,105.0,80.0,20.0,32.0,480.0,114.0,449.0,Olympus
589,Olympus C-5060 Zoom,2003,2592.0,2288.0,5.0,27.0,110.0,80.0,3.0,32.0,480.0,116.0,449.0,Olympus
590,Olympus C-50 Zoom,2002,2560.0,2048.0,4.0,38.0,114.0,50.0,20.0,32.0,230.0,100.0,449.0,Olympus
591,Olympus C-5500 Sport Zoom,2005,2592.0,2288.0,5.0,38.0,190.0,60.0,8.0,16.0,340.0,110.0,129.0,Olympus
592,Olympus C-60 Zoom,2004,2816.0,2560.0,5.0,38.0,114.0,40.0,4.0,32.0,230.0,99.0,449.0,Olympus
593,Olympus C-7000 Zoom,2004,3072.0,2592.0,7.0,38.0,190.0,60.0,2.0,32.0,280.0,102.0,129.0,Olympus
594,Olympus C-700 UZ,2001,1600.0,1280.0,1.0,38.0,380.0,60.0,10.0,8.0,340.0,108.0,449.0,Olympus
595,Olympus C-7070 Wide Zoom,2005,3072.0,2592.0,7.0,27.0,110.0,80.0,3.0,32.0,480.0,116.0,129.0,Olympus
596,Olympus C-720 UZ,2002,1984.0,1600.0,3.0,40.0,320.0,60.0,10.0,16.0,340.0,108.0,449.0,Olympus
597,Olympus C-730 UZ,2002,2048.0,1600.0,3.0,38.0,380.0,60.0,10.0,16.0,400.0,108.0,449.0,Olympus
598,Olympus C-740 UZ,2003,2048.0,1600.0,3.0,38.0,380.0,60.0,3.0,16.0,340.0,108.0,449.0,Olympus
599,Olympus C-750 UZ,2003,2288.0,2048.0,3.0,38.0,380.0,60.0,3.0,16.0,340.0,108.0,449.0,Olympus
600,Olympus C-765 UZ,2004,2288.0,2048.0,3.0,38.0,380.0,60.0,7.0,16.0,310.0,105.0,449.0,Olympus
601,Olympus C-770 UZ,2004,2288.0,2048.0,3.0,38.0,380.0,60.0,7.0,32.0,310.0,105.0,449.0,Olympus
602,Olympus C-8080 Wide Zoom,2004,3264.0,2592.0,8.0,28.0,140.0,80.0,5.0,32.0,724.0,124.0,179.0,Olympus
603,Olympus D-200L,1996,640.0,320.0,0.0,36.0,36.0,75.0,20.0,2.0,320.0,145.0,129.0,Olympus
604,Olympus D-300L,1996,1024.0,512.0,0.0,36.0,36.0,50.0,20.0,6.0,320.0,145.0,1699.0,Olympus
605,Olympus D-340L,1998,1280.0,640.0,1.0,36.0,36.0,70.0,10.0,4.0,320.0,128.0,1699.0,Olympus
606,Olympus D-340R,1999,1280.0,640.0,1.0,36.0,36.0,70.0,10.0,8.0,320.0,128.0,1699.0,Olympus
607,Olympus D-360L,2000,1280.0,640.0,1.0,36.0,36.0,50.0,10.0,8.0,280.0,128.0,1699.0,Olympus
608,Olympus D-390,2003,1600.0,1024.0,1.0,35.0,35.0,50.0,20.0,16.0,230.0,108.0,1699.0,Olympus
609,Olympus D-395,2004,2048.0,1024.0,3.0,33.0,33.0,50.0,20.0,16.0,210.0,110.0,1699.0,Olympus
610,Olympus D-400 Zoom,1998,1280.0,640.0,1.0,35.0,105.0,80.0,20.0,8.0,320.0,127.0,129.0,Olympus
611,Olympus D-425,2005,2288.0,1600.0,3.0,37.0,37.0,50.0,20.0,14.0,170.0,101.0,1699.0,Olympus
612,Olympus D-435,2005,2592.0,1600.0,5.0,36.0,35.0,50.0,20.0,0.0,140.0,101.0,1699.0,Olympus
613,Olympus D-450 Zoom,1999,1280.0,640.0,1.0,35.0,105.0,80.0,20.0,8.0,320.0,127.0,129.0,Olympus
614,Olympus D-460 Zoom,2000,1280.0,640.0,1.0,35.0,105.0,80.0,20.0,8.0,320.0,127.0,449.0,Olympus
615,Olympus D-490 Zoom,2000,1600.0,640.0,1.0,35.0,105.0,80.0,20.0,8.0,320.0,127.0,129.0,Olympus
616,Olympus D-500L,1997,1024.0,640.0,0.0,50.0,150.0,60.0,30.0,2.0,490.0,115.0,449.0,Olympus
617,Olympus D-520 Zoom,2002,1600.0,1024.0,1.0,35.0,105.0,50.0,20.0,8.0,220.0,112.0,449.0,Olympus
618,Olympus D-535 Zoom,2004,2048.0,1600.0,3.0,38.0,114.0,50.0,2.0,12.0,190.0,88.0,449.0,Olympus
619,Olympus D-540 Zoom,2004,2048.0,1600.0,3.0,38.0,114.0,50.0,2.0,16.0,200.0,100.0,449.0,Olympus
620,Olympus D-545 Zoom,2005,2288.0,1600.0,3.0,38.0,114.0,50.0,2.0,14.0,190.0,106.0,449.0,Olympus
621,Olympus D-560 Zoom,2003,2048.0,1024.0,3.0,35.0,105.0,50.0,20.0,16.0,220.0,108.0,449.0,Olympus
622,Olympus D-580 Zoom,2004,2288.0,1600.0,3.0,35.0,105.0,50.0,7.0,16.0,210.0,108.0,179.0,Olympus
623,Olympus D-595 Zoom,2005,2560.0,1600.0,4.0,38.0,114.0,50.0,2.0,14.0,190.0,105.0,449.0,Olympus
624,Olympus D-600L,1997,1280.0,640.0,1.0,36.0,110.0,60.0,30.0,4.0,0.0,115.0,1699.0,Olympus
625,Olympus D-620L,1998,1280.0,640.0,1.0,36.0,110.0,60.0,30.0,8.0,520.0,115.0,1699.0,Olympus
626,Olympus D-630 Zoom,2005,2560.0,1600.0,4.0,35.0,105.0,60.0,10.0,14.0,175.0,94.0,129.0,Olympus
627,Olympus E-1,2003,2560.0,1600.0,4.0,0.0,0.0,0.0,0.0,0.0,735.0,141.0,1699.0,Olympus
628,Olympus E-10,2000,2240.0,1600.0,3.0,35.0,140.0,60.0,20.0,0.0,1190.0,129.0,1699.0,Olympus
629,Olympus E-100 RS,2000,1368.0,1280.0,1.0,38.0,380.0,60.0,10.0,16.0,603.0,108.0,129.0,Olympus
630,Olympus E-20,2001,2560.0,1792.0,4.0,35.0,140.0,60.0,20.0,16.0,1190.0,129.0,1699.0,Olympus
631,Olympus E-3,2007,3648.0,3200.0,10.0,0.0,0.0,0.0,0.0,0.0,800.0,142.0,1699.0,Olympus
632,Olympus E-300,2004,3264.0,3200.0,8.0,0.0,0.0,0.0,0.0,0.0,624.0,147.0,1699.0,Olympus
633,Olympus E-330,2006,3136.0,2560.0,7.0,0.0,0.0,0.0,0.0,0.0,616.0,140.0,1699.0,Olympus
634,Olympus E-400,2006,3648.0,3200.0,10.0,0.0,0.0,0.0,0.0,0.0,435.0,130.0,1699.0,Olympus
635,Olympus E-410,2007,3648.0,3200.0,10.0,0.0,0.0,0.0,0.0,0.0,435.0,130.0,1699.0,Olympus
636,Olympus E-500,2005,3264.0,3200.0,8.0,0.0,0.0,0.0,0.0,0.0,479.0,130.0,1699.0,Olympus
637,Olympus E-510,2007,3648.0,3200.0,10.0,0.0,0.0,0.0,0.0,0.0,490.0,136.0,1699.0,Olympus
638,Olympus FE-100,2005,2272.0,1600.0,4.0,35.0,106.0,50.0,5.0,28.0,160.0,88.0,129.0,Olympus
639,Olympus FE-110,2005,2560.0,1600.0,5.0,35.0,106.0,50.0,5.0,28.0,160.0,88.0,129.0,Olympus
640,Olympus FE-115,2006,2560.0,1600.0,5.0,38.0,106.0,50.0,2.0,28.0,160.0,88.0,129.0,Olympus
641,Olympus FE-120,2005,2816.0,1600.0,6.0,38.0,114.0,50.0,5.0,14.0,160.0,106.0,129.0,Olympus
642,Olympus FE-130,2006,2592.0,2048.0,5.0,38.0,114.0,10.0,5.0,22.0,160.0,96.0,129.0,Olympus
643,Olympus FE-140,2006,2816.0,2048.0,6.0,38.0,114.0,10.0,5.0,22.0,160.0,96.0,129.0,Olympus
644,Olympus FE-150,2006,2560.0,2048.0,5.0,32.0,96.0,50.0,6.0,9.0,175.0,90.0,129.0,Olympus
645,Olympus FE-170,2006,2816.0,2048.0,6.0,38.0,114.0,0.0,0.0,10.0,175.0,90.0,129.0,Olympus
646,Olympus FE-180,2006,2816.0,2048.0,6.0,38.0,114.0,0.0,0.0,10.0,170.0,88.0,179.0,Olympus
647,Olympus FE-190,2006,2816.0,2048.0,6.0,38.0,114.0,0.0,0.0,22.0,150.0,91.0,129.0,Olympus
648,Olympus FE-200,2006,2816.0,2048.0,6.0,28.0,140.0,0.0,0.0,24.0,195.0,98.0,129.0,Olympus
649,Olympus FE-210,2007,3072.0,2048.0,7.0,38.0,114.0,60.0,10.0,9.0,175.0,90.0,129.0,Olympus
650,Olympus FE-230,2007,3072.0,2048.0,7.0,38.0,114.0,60.0,10.0,20.0,145.0,91.0,129.0,Olympus
651,Olympus FE-240,2007,3072.0,2048.0,7.0,38.0,190.0,70.0,10.0,20.0,145.0,91.0,129.0,Olympus
652,Olympus FE-250,2007,3264.0,2048.0,8.0,38.0,105.0,60.0,10.0,20.0,155.0,94.0,129.0,Olympus
653,Olympus FE-270,2007,3072.0,2048.0,7.0,38.0,114.0,60.0,5.0,6.0,122.0,90.0,129.0,Olympus
654,Olympus FE-280,2007,3264.0,2048.0,8.0,36.0,108.0,60.0,5.0,48.0,108.0,92.0,179.0,Olympus
655,Olympus FE-290,2007,3072.0,2048.0,7.0,28.0,112.0,40.0,5.0,6.0,142.0,98.0,129.0,Olympus
656,Olympus FE-300,2007,4000.0,2048.0,12.0,35.0,105.0,60.0,10.0,48.0,115.0,94.0,129.0,Olympus
657,Olympus IR-300,2005,2560.0,2048.0,4.0,38.0,114.0,50.0,5.0,15.0,160.0,99.0,129.0,Olympus
658,Olympus Stylus 300 ,2003,2048.0,1600.0,3.0,35.0,105.0,50.0,20.0,16.0,220.0,99.0,229.0,Olympus
659,Olympus Stylus 400 ,2003,2272.0,2048.0,3.0,35.0,105.0,50.0,20.0,16.0,220.0,99.0,229.0,Olympus
660,Olympus SP-310,2005,3072.0,2592.0,7.0,38.0,114.0,20.0,5.0,32.0,230.0,100.0,449.0,Olympus
661,Olympus SP-320,2006,3072.0,2592.0,7.0,38.0,114.0,20.0,2.0,25.0,230.0,100.0,449.0,Olympus
662,Olympus SP-350,2005,3264.0,2592.0,8.0,38.0,114.0,20.0,5.0,32.0,245.0,100.0,449.0,Olympus
663,Olympus SP-500 UZ,2005,2816.0,2592.0,6.0,38.0,380.0,60.0,3.0,10.0,385.0,106.0,449.0,Olympus
664,Olympus SP-510 UZ,2006,3072.0,2560.0,7.0,38.0,380.0,60.0,3.0,0.0,410.0,106.0,449.0,Olympus
665,Olympus SP-550 UZ,2007,3072.0,2560.0,7.0,28.0,504.0,10.0,1.0,20.0,460.0,116.0,449.0,Olympus
666,Olympus SP-560 UZ,2007,3264.0,2560.0,8.0,27.0,486.0,10.0,1.0,47.0,365.0,116.0,449.0,Olympus
667,Olympus SP-700,2005,2816.0,2288.0,6.0,38.0,114.0,30.0,10.0,11.0,180.0,98.0,449.0,Olympus
668,Olympus Stylus 1000,2006,3648.0,2560.0,10.0,35.0,105.0,60.0,10.0,0.0,195.0,97.0,229.0,Olympus
669,Olympus Stylus 1200,2007,4000.0,3264.0,12.0,35.0,105.0,60.0,10.0,47.0,125.0,98.0,249.0,Olympus
670,Olympus Stylus 410 ,2004,2272.0,2048.0,3.0,35.0,105.0,50.0,20.0,16.0,200.0,99.0,229.0,Olympus
671,Olympus Stylus 500 ,2004,2560.0,2048.0,4.0,35.0,105.0,50.0,7.0,32.0,200.0,99.0,229.0,Olympus
672,Olympus Stylus 600 ,2005,2816.0,2560.0,6.0,35.0,105.0,50.0,7.0,8.0,195.0,97.0,229.0,Olympus
673,Olympus Stylus 700 ,2006,3072.0,2560.0,7.0,37.0,111.0,60.0,8.0,19.0,140.0,95.0,229.0,Olympus
674,Olympus Stylus 720 SW ,2006,3072.0,2560.0,7.0,37.0,111.0,60.0,8.0,19.0,190.0,95.0,299.0,Olympus
675,Olympus Stylus 725 SW,2006,3072.0,2560.0,7.0,38.0,114.0,60.0,2.0,19.0,190.0,91.0,299.0,Olympus
676,Olympus Stylus 730,2006,3072.0,2560.0,7.0,38.0,114.0,50.0,7.0,22.0,190.0,96.0,229.0,Olympus
677,Olympus Stylus 740,2006,3072.0,2560.0,7.0,36.0,180.0,70.0,3.0,17.0,160.0,96.0,229.0,Olympus
678,Olympus Stylus 750,2006,3072.0,2560.0,7.0,36.0,180.0,70.0,3.0,17.0,170.0,96.0,229.0,Olympus
679,Olympus Stylus 760,2007,3072.0,2560.0,7.0,37.0,111.0,60.0,8.0,18.0,160.0,99.0,229.0,Olympus
680,Olympus Stylus 770 SW,2007,3072.0,2560.0,7.0,38.0,114.0,50.0,7.0,18.0,195.0,92.0,299.0,Olympus
681,Olympus Stylus 780,2007,3072.0,2560.0,7.0,36.0,180.0,70.0,3.0,18.0,195.0,100.0,299.0,Olympus
682,Olympus Stylus 790 SW,2007,3072.0,2560.0,7.0,38.0,114.0,50.0,7.0,14.0,155.0,92.0,299.0,Olympus
683,Olympus Stylus 800 ,2005,3264.0,2560.0,8.0,38.0,114.0,50.0,3.0,19.0,200.0,103.0,249.0,Olympus
684,Olympus Stylus 810 ,2006,3264.0,2560.0,8.0,35.0,105.0,60.0,10.0,28.0,185.0,97.0,249.0,Olympus
685,Olympus Stylus 820,2007,3264.0,2560.0,8.0,36.0,180.0,70.0,3.0,47.0,125.0,96.0,249.0,Olympus
686,Olympus Stylus 830,2007,3248.0,2560.0,8.0,36.0,180.0,70.0,3.0,14.0,125.0,100.0,249.0,Olympus
687,Olympus Stylus Verve ,2004,2272.0,2048.0,3.0,35.0,70.0,50.0,8.0,16.0,165.0,95.0,229.0,Olympus
688,Olympus Stylus Verve  S,2005,2560.0,2048.0,4.0,35.0,70.0,50.0,8.0,16.0,165.0,95.0,299.0,Olympus
689,Panasonic Lumix DMC-F7,2001,1600.0,800.0,1.0,35.0,70.0,50.0,10.0,8.0,200.0,104.0,1499.0,Panasonic
690,Panasonic Lumix DMC-FX01,2006,2816.0,2048.0,6.0,28.0,102.0,50.0,5.0,16.0,155.0,94.0,1499.0,Panasonic
691,Panasonic Lumix DMC-FX07,2006,3072.0,2560.0,7.0,28.0,102.0,50.0,5.0,0.0,170.0,94.0,1499.0,Panasonic
692,Panasonic Lumix DMC-FX1,2003,2048.0,1600.0,3.0,35.0,105.0,50.0,10.0,16.0,185.0,0.0,1499.0,Panasonic
693,Panasonic Lumix DMC-FX10,2007,2816.0,2048.0,6.0,35.0,105.0,50.0,5.0,27.0,155.0,94.0,1499.0,Panasonic
694,Panasonic Lumix DMC-FX100,2007,4000.0,3264.0,12.0,28.0,100.0,50.0,5.0,27.0,150.0,54.0,1499.0,Panasonic
695,Panasonic Lumix DMC-FX12,2007,3072.0,2560.0,7.0,35.0,105.0,50.0,5.0,27.0,155.0,94.0,1499.0,Panasonic
696,Panasonic Lumix DMC-FX2,2004,2304.0,1600.0,4.0,35.0,105.0,50.0,5.0,16.0,148.0,94.0,1499.0,Panasonic
697,Panasonic Lumix DMC-FX3,2006,2816.0,2048.0,6.0,35.0,105.0,50.0,5.0,13.0,165.0,94.0,299.0,Panasonic
698,Panasonic Lumix DMC-FX30,2007,3072.0,2560.0,7.0,28.0,100.0,50.0,5.0,27.0,162.0,95.0,299.0,Panasonic
699,Panasonic Lumix DMC-FX33,2007,3264.0,2560.0,8.0,28.0,100.0,50.0,5.0,27.0,154.0,95.0,299.0,Panasonic
700,Panasonic Lumix DMC-FX5,2003,2304.0,1600.0,4.0,35.0,105.0,50.0,10.0,16.0,185.0,0.0,1499.0,Panasonic
701,Panasonic Lumix DMC-FX50,2006,3072.0,2560.0,7.0,28.0,102.0,50.0,5.0,0.0,190.0,98.0,1499.0,Panasonic
702,Panasonic Lumix DMC-FX55,2007,3264.0,2560.0,8.0,28.0,100.0,50.0,5.0,27.0,165.0,95.0,1499.0,Panasonic
703,Panasonic Lumix DMC-FX7,2004,2560.0,2048.0,4.0,35.0,105.0,50.0,5.0,16.0,153.0,94.0,1499.0,Panasonic
704,Panasonic Lumix DMC-FX8,2005,2560.0,2560.0,5.0,35.0,105.0,50.0,5.0,16.0,155.0,94.0,1499.0,Panasonic
705,Panasonic Lumix DMC-FX9,2005,2816.0,2048.0,6.0,35.0,105.0,50.0,5.0,16.0,155.0,94.0,1499.0,Panasonic
706,Panasonic Lumix DMC-FZ1,2002,1600.0,1280.0,2.0,35.0,420.0,30.0,3.0,8.0,354.0,125.0,149.0,Panasonic
707,Panasonic Lumix DMC-FZ10,2003,2304.0,1600.0,4.0,35.0,420.0,30.0,5.0,16.0,550.0,87.0,149.0,Panasonic
708,Panasonic Lumix DMC-FZ18,2007,3264.0,2560.0,8.0,28.0,504.0,30.0,1.0,27.0,407.0,118.0,149.0,Panasonic
709,Panasonic Lumix DMC-FZ2,2003,1600.0,1280.0,2.0,35.0,420.0,30.0,5.0,0.0,350.0,114.0,149.0,Panasonic
710,Panasonic Lumix DMC-FZ20,2004,2560.0,2048.0,5.0,36.0,432.0,30.0,5.0,16.0,556.0,87.0,149.0,Panasonic
711,Panasonic Lumix DMC-FZ3,2004,2016.0,1600.0,3.0,35.0,420.0,30.0,5.0,16.0,326.0,108.0,299.0,Panasonic
712,Panasonic Lumix DMC-FZ30,2005,3264.0,2560.0,8.0,35.0,420.0,30.0,5.0,32.0,740.0,141.0,299.0,Panasonic
713,Panasonic Lumix DMC-FZ4,2005,2304.0,1600.0,4.0,35.0,420.0,50.0,5.0,8.0,326.0,102.0,149.0,Panasonic
714,Panasonic Lumix DMC-FZ5,2005,2560.0,2048.0,4.0,36.0,432.0,50.0,5.0,16.0,326.0,108.0,149.0,Panasonic
715,Panasonic Lumix DMC-FZ50,2006,3648.0,3264.0,10.0,35.0,420.0,30.0,5.0,32.0,734.0,141.0,149.0,Panasonic
716,Panasonic Lumix DMC-FZ7,2006,2816.0,2304.0,6.0,36.0,432.0,30.0,5.0,16.0,340.0,113.0,149.0,Panasonic
717,Panasonic Lumix DMC-FZ8,2007,3072.0,2560.0,7.0,36.0,432.0,30.0,5.0,27.0,340.0,113.0,149.0,Panasonic
718,Panasonic Lumix DMC-L1,2006,3136.0,2560.0,7.0,0.0,0.0,0.0,0.0,0.0,606.0,146.0,1499.0,Panasonic
719,Panasonic Lumix DMC-L10,2007,3648.0,2816.0,10.0,0.0,0.0,0.0,0.0,0.0,556.0,135.0,1499.0,Panasonic
720,Panasonic Lumix DMC-LC1,2004,2560.0,2048.0,4.0,28.0,90.0,30.0,30.0,16.0,705.0,135.0,1499.0,Panasonic
721,Panasonic Lumix DMC-LC20,2002,1600.0,1024.0,1.0,35.0,105.0,50.0,15.0,8.0,290.0,99.0,1499.0,Panasonic
722,Panasonic Lumix DMC-LC33,2003,2048.0,1600.0,3.0,35.0,105.0,50.0,10.0,32.0,215.0,96.0,1499.0,Panasonic
723,Panasonic Lumix DMC-LC40,2002,2240.0,1600.0,3.0,33.0,100.0,30.0,6.0,16.0,420.0,104.0,1499.0,Panasonic
724,Panasonic Lumix DMC-LC43,2003,2304.0,1600.0,4.0,35.0,105.0,50.0,10.0,32.0,215.0,96.0,1499.0,Panasonic
725,Panasonic Lumix DMC-LC5,2001,2240.0,1600.0,3.0,33.0,100.0,30.0,6.0,32.0,435.0,128.0,1499.0,Panasonic
726,Panasonic Lumix DMC-LC50,2004,2048.0,1600.0,3.0,35.0,105.0,50.0,10.0,16.0,210.0,65.0,1499.0,Panasonic
727,Panasonic Lumix DMC-LC70,2004,2304.0,1600.0,4.0,35.0,105.0,50.0,10.0,16.0,210.0,65.0,1499.0,Panasonic
728,Panasonic Lumix DMC-LC80,2004,2560.0,2048.0,4.0,35.0,105.0,50.0,10.0,16.0,207.0,88.0,1499.0,Panasonic
729,Panasonic Lumix DMC-LS1,2005,2304.0,1600.0,4.0,35.0,105.0,50.0,5.0,14.0,188.0,94.0,1499.0,Panasonic
730,Panasonic Lumix DMC-LS2,2006,2560.0,2048.0,5.0,35.0,105.0,50.0,5.0,14.0,188.0,111.0,1499.0,Panasonic
731,Panasonic Lumix DMC-LS60,2007,2816.0,2048.0,6.0,35.0,105.0,50.0,5.0,27.0,188.0,94.0,149.0,Panasonic
732,Panasonic Lumix DMC-LS75,2007,3072.0,2560.0,7.0,35.0,105.0,50.0,5.0,27.0,188.0,94.0,1499.0,Panasonic
733,Panasonic Lumix DMC-LX1,2005,3840.0,3072.0,8.0,28.0,112.0,50.0,5.0,32.0,220.0,106.0,1499.0,Panasonic
734,Panasonic Lumix DMC-LX2,2006,4224.0,3840.0,10.0,28.0,112.0,50.0,5.0,13.0,220.0,106.0,1499.0,Panasonic
735,Panasonic Lumix DMC-LZ1,2005,2304.0,1600.0,4.0,37.0,222.0,50.0,5.0,14.0,224.0,101.0,149.0,Panasonic
736,Panasonic Lumix DMC-LZ2,2005,2560.0,2048.0,5.0,37.0,222.0,50.0,5.0,14.0,224.0,101.0,149.0,Panasonic
737,Panasonic Lumix DMC-LZ3,2006,2560.0,2048.0,5.0,37.0,222.0,50.0,5.0,14.0,230.0,100.0,149.0,Panasonic
738,Panasonic Lumix DMC-LZ5,2006,2816.0,2048.0,6.0,37.0,222.0,50.0,5.0,14.0,230.0,100.0,149.0,Panasonic
739,Panasonic Lumix DMC-LZ6,2007,3072.0,2560.0,7.0,37.0,222.0,50.0,5.0,27.0,230.0,99.0,149.0,Panasonic
740,Panasonic Lumix DMC-LZ7,2007,3072.0,2560.0,7.0,37.0,222.0,50.0,5.0,27.0,234.0,99.0,149.0,Panasonic
741,Panasonic Lumix DMC-TZ1,2006,2560.0,2048.0,4.0,35.0,350.0,40.0,5.0,13.0,250.0,112.0,299.0,Panasonic
742,Panasonic Lumix DMC-TZ2,2007,2816.0,2048.0,6.0,28.0,280.0,50.0,5.0,13.0,260.0,105.0,299.0,Panasonic
743,Panasonic Lumix DMC-TZ3,2007,3072.0,2560.0,7.0,28.0,280.0,50.0,5.0,13.0,280.0,105.0,299.0,Panasonic
744,Pentax EI-100,2001,1280.0,640.0,1.0,42.0,42.0,60.0,30.0,8.0,240.0,105.0,509.0,Pentax
745,Pentax EI-200,2000,1600.0,800.0,1.0,34.0,108.0,50.0,10.0,16.0,390.0,128.0,509.0,Pentax
746,Pentax EI-2000,2000,1600.0,800.0,1.0,34.0,108.0,50.0,10.0,16.0,630.0,144.0,509.0,Pentax
747,Pentax *ist D,2003,3008.0,2400.0,6.0,0.0,0.0,0.0,0.0,0.0,650.0,129.0,799.0,Pentax
748,Pentax *ist DL,2005,3008.0,2400.0,6.0,0.0,0.0,0.0,0.0,0.0,565.0,125.0,799.0,Pentax
749,Pentax *ist DL2,2006,3008.0,2400.0,6.0,0.0,0.0,0.0,0.0,0.0,565.0,125.0,799.0,Pentax
750,Pentax *ist DS,2004,3008.0,2400.0,6.0,0.0,0.0,0.0,0.0,0.0,605.0,125.0,799.0,Pentax
751,Pentax *ist DS2,2005,3008.0,2400.0,6.0,0.0,0.0,0.0,0.0,0.0,605.0,125.0,799.0,Pentax
752,Pentax K100D,2006,3008.0,2400.0,6.0,0.0,0.0,0.0,0.0,0.0,660.0,129.0,509.0,Pentax
753,Pentax K100D Super,2007,3008.0,2400.0,6.0,0.0,0.0,0.0,0.0,0.0,646.0,129.0,509.0,Pentax
754,Pentax K10D,2006,3872.0,3008.0,10.0,0.0,0.0,0.0,0.0,0.0,793.0,142.0,799.0,Pentax
755,Pentax K110D,2006,3008.0,2400.0,6.0,0.0,0.0,0.0,0.0,0.0,585.0,129.0,509.0,Pentax
756,Pentax Optio 230,2002,1600.0,1024.0,1.0,38.0,114.0,50.0,10.0,16.0,230.0,104.0,269.0,Pentax
757,Pentax Optio 30,2004,2048.0,1600.0,3.0,38.0,114.0,50.0,2.0,16.0,180.0,94.0,149.0,Pentax
758,Pentax Optio 330,2001,2048.0,1024.0,3.0,37.0,111.0,40.0,14.0,16.0,240.0,92.0,269.0,Pentax
759,Pentax Optio 330GS,2002,2048.0,1600.0,3.0,38.0,114.0,4.0,5.0,16.0,230.0,104.0,269.0,Pentax
760,Pentax Optio 330RS,2002,2048.0,1024.0,3.0,37.0,111.0,40.0,14.0,16.0,240.0,92.0,269.0,Pentax
761,Pentax Optio 33L,2003,2048.0,1600.0,3.0,38.0,114.0,40.0,10.0,16.0,225.0,105.0,269.0,Pentax
762,Pentax Optio 33LF,2003,2048.0,1600.0,3.0,38.0,114.0,40.0,10.0,12.0,225.0,109.0,269.0,Pentax
763,Pentax Optio 33WR,2003,2048.0,1600.0,3.0,37.0,104.0,30.0,1.0,16.0,208.0,82.0,269.0,Pentax
764,Pentax Optio 430,2001,2240.0,1120.0,3.0,37.0,111.0,40.0,14.0,16.0,240.0,92.0,269.0,Pentax
765,Pentax Optio 430RS,2002,2240.0,1120.0,3.0,37.0,111.0,40.0,14.0,16.0,240.0,92.0,269.0,Pentax
766,Pentax Optio 43WR,2004,2288.0,1600.0,3.0,37.0,104.0,30.0,1.0,16.0,200.0,82.0,269.0,Pentax
767,Pentax Optio 450,2003,2288.0,1600.0,3.0,37.0,187.0,60.0,2.0,16.0,250.0,100.0,149.0,Pentax
768,Pentax Optio 50,2005,2560.0,2048.0,4.0,32.0,96.0,50.0,6.0,12.0,180.0,91.0,149.0,Pentax
769,Pentax Optio 550,2003,2592.0,2048.0,5.0,37.0,187.0,60.0,2.0,16.0,250.0,100.0,149.0,Pentax
770,Pentax Optio 555,2003,2592.0,2048.0,5.0,37.0,187.0,60.0,2.0,16.0,250.0,100.0,149.0,Pentax
771,Pentax Optio 60,2005,2848.0,2272.0,6.0,36.0,108.0,50.0,5.0,12.0,200.0,91.0,149.0,Pentax
772,Pentax Optio 750Z,2004,3056.0,2592.0,7.0,37.0,187.0,60.0,2.0,32.0,255.0,100.0,149.0,Pentax
773,Pentax Optio A10,2006,3264.0,2592.0,8.0,38.0,114.0,35.0,6.0,24.0,145.0,89.0,249.0,Pentax
774,Pentax Optio A20,2006,3648.0,3072.0,10.0,38.0,114.0,35.0,6.0,22.0,145.0,89.0,149.0,Pentax
775,Pentax Optio A30,2007,3648.0,3072.0,10.0,38.0,114.0,35.0,6.0,22.0,145.0,89.0,269.0,Pentax
776,Pentax Optio E10,2006,2816.0,2272.0,6.0,34.0,102.0,50.0,5.0,10.0,180.0,87.0,149.0,Pentax
777,Pentax Optio E20,2006,2816.0,2272.0,6.0,34.0,102.0,50.0,5.0,13.0,180.0,90.0,149.0,Pentax
778,Pentax Optio E30,2007,3072.0,2592.0,7.0,36.0,108.0,50.0,15.0,11.0,190.0,95.0,149.0,Pentax
779,Pentax Optio E40,2007,3264.0,2592.0,8.0,37.0,112.0,40.0,15.0,10.0,175.0,94.0,149.0,Pentax
780,Pentax Optio M10,2006,2816.0,2560.0,6.0,35.0,105.0,70.0,10.0,22.0,170.0,89.0,249.0,Pentax
781,Pentax Optio M20,2006,3072.0,2560.0,7.0,38.0,114.0,40.0,5.0,22.0,180.0,94.0,149.0,Pentax
782,Pentax Optio M30,2007,3072.0,2592.0,7.0,38.0,114.0,40.0,10.0,22.0,120.0,97.0,269.0,Pentax
783,Pentax Optio M40,2007,3264.0,2592.0,8.0,36.0,108.0,40.0,5.0,21.0,136.0,97.0,149.0,Pentax
784,Pentax Optio MX4,2004,2304.0,1600.0,4.0,37.0,370.0,40.0,10.0,16.0,375.0,73.0,149.0,Pentax
785,Pentax Optio S,2003,2048.0,1024.0,3.0,35.0,105.0,40.0,6.0,16.0,115.0,83.0,149.0,Pentax
786,Pentax Optio S10,2007,3648.0,3072.0,10.0,38.0,114.0,35.0,6.0,22.0,116.0,86.0,249.0,Pentax
787,Pentax Optio S30,2004,2048.0,1600.0,3.0,38.0,114.0,40.0,6.0,11.0,175.0,89.0,269.0,Pentax
788,Pentax Optio S4,2003,2304.0,1600.0,4.0,35.0,105.0,40.0,6.0,11.0,115.0,83.0,149.0,Pentax
789,Pentax Optio S40,2004,2304.0,1600.0,4.0,35.0,105.0,40.0,6.0,11.0,175.0,89.0,149.0,Pentax
790,Pentax Optio S45,2005,2304.0,1600.0,4.0,35.0,107.0,40.0,6.0,11.0,155.0,89.0,149.0,Pentax
791,Pentax Optio S4i,2004,2304.0,1600.0,4.0,35.0,105.0,40.0,6.0,10.0,120.0,84.0,149.0,Pentax
792,Pentax Optio S50,2004,2560.0,2304.0,5.0,35.0,107.0,40.0,6.0,11.0,180.0,89.0,149.0,Pentax
793,Pentax Optio S55,2005,2560.0,2304.0,5.0,35.0,107.0,40.0,6.0,11.0,155.0,89.0,149.0,Pentax
794,Pentax Optio S5i,2004,2560.0,2048.0,4.0,36.0,107.0,40.0,6.0,10.0,120.0,84.0,149.0,Pentax
795,Pentax Optio S5n,2005,2560.0,2304.0,4.0,35.0,107.0,40.0,6.0,9.0,120.0,84.0,149.0,Pentax
796,Pentax Optio S5z,2005,2560.0,2304.0,5.0,35.0,107.0,40.0,6.0,9.0,120.0,83.0,149.0,Pentax
797,Pentax Optio S6,2005,2816.0,2560.0,6.0,37.0,112.0,40.0,15.0,23.0,120.0,86.0,149.0,Pentax
798,Pentax Optio S60,2005,2816.0,2560.0,6.0,35.0,106.0,40.0,6.0,11.0,135.0,89.0,149.0,Pentax
799,Pentax Optio S7,2006,3072.0,2592.0,7.0,37.0,112.0,40.0,15.0,23.0,120.0,86.0,149.0,Pentax
800,Pentax Optio SV,2004,2560.0,2048.0,5.0,36.0,180.0,60.0,3.0,32.0,165.0,91.0,149.0,Pentax
801,Pentax Optio SVi,2005,2560.0,2048.0,5.0,36.0,180.0,60.0,3.0,32.0,165.0,91.0,149.0,Pentax
802,Pentax Optio T10,2006,2816.0,2592.0,6.0,37.0,112.0,40.0,15.0,12.0,155.0,95.0,249.0,Pentax
803,Pentax Optio T20,2006,3072.0,2592.0,7.0,37.0,112.0,40.0,15.0,12.0,155.0,95.0,149.0,Pentax
804,Pentax Optio T30,2007,3072.0,2592.0,7.0,38.0,112.0,40.0,15.0,20.0,155.0,95.0,269.0,Pentax
805,Pentax Optio W10,2006,2816.0,2560.0,6.0,38.0,114.0,40.0,1.0,10.0,160.0,107.0,269.0,Pentax
806,Pentax Optio W20,2006,3072.0,2560.0,7.0,38.0,114.0,40.0,1.0,21.0,150.0,107.0,269.0,Pentax
807,Pentax Optio W30,2007,3072.0,2560.0,7.0,38.0,114.0,40.0,1.0,21.0,155.0,108.0,269.0,Pentax
808,Pentax Optio WP,2005,2560.0,2304.0,4.0,38.0,114.0,40.0,1.0,10.0,135.0,102.0,269.0,Pentax
809,Pentax Optio WPi,2005,2816.0,2560.0,6.0,38.0,114.0,40.0,1.0,10.0,135.0,102.0,269.0,Pentax
810,Pentax Optio X,2004,2560.0,2048.0,5.0,36.0,107.0,40.0,6.0,14.0,145.0,112.0,149.0,Pentax
811,Pentax Optio Z10,2007,3264.0,2592.0,8.0,38.0,266.0,40.0,8.0,0.0,0.0,94.0,249.0,Pentax
812,Ricoh Caplio 500G,2006,3264.0,2592.0,8.0,28.0,85.0,30.0,1.0,26.0,450.0,133.0,229.0,Ricoh
813,Ricoh Caplio R1V,2005,2560.0,2048.0,4.0,28.0,135.0,30.0,1.0,12.0,195.0,100.0,99.0,Ricoh
814,Ricoh Caplio R2,2005,2560.0,2048.0,4.0,28.0,135.0,30.0,1.0,28.0,195.0,100.0,99.0,Ricoh
815,Ricoh Caplio R3,2005,2560.0,2048.0,4.0,28.0,200.0,30.0,1.0,26.0,165.0,95.0,99.0,Ricoh
816,Ricoh Caplio R30,2006,2560.0,2048.0,4.0,28.0,160.0,30.0,1.0,28.0,180.0,95.0,99.0,Ricoh
817,Ricoh Caplio R4,2006,2816.0,2048.0,6.0,28.0,200.0,30.0,1.0,26.0,165.0,95.0,99.0,Ricoh
818,Ricoh Caplio R40,2006,2816.0,2048.0,6.0,28.0,160.0,30.0,1.0,26.0,165.0,95.0,199.0,Ricoh
819,Ricoh Caplio R5,2006,3072.0,2592.0,7.0,28.0,200.0,30.0,1.0,26.0,165.0,96.0,99.0,Ricoh
820,Ricoh Caplio R6,2007,3072.0,2592.0,7.0,28.0,200.0,30.0,1.0,54.0,165.0,100.0,99.0,Ricoh
821,Ricoh Caplio R7,2007,3264.0,3264.0,8.0,28.0,200.0,30.0,1.0,24.0,135.0,100.0,99.0,Ricoh
822,Ricoh Caplio RR530,2005,2560.0,2048.0,4.0,32.0,96.0,30.0,1.0,12.0,190.0,91.0,399.0,Ricoh
823,Ricoh Caplio RR630,2006,2816.0,2048.0,6.0,36.0,108.0,50.0,6.0,12.0,200.0,91.0,399.0,Ricoh
824,Ricoh Caplio G3,2003,2048.0,1280.0,3.0,35.0,105.0,30.0,1.0,8.0,230.0,124.0,99.0,Ricoh
825,Ricoh GR Digital,2005,3264.0,2592.0,8.0,28.0,28.0,30.0,2.0,26.0,200.0,107.0,4999.0,Ricoh
826,Ricoh Caplio GX100,2007,3648.0,3264.0,10.0,24.0,72.0,30.0,1.0,26.0,260.0,112.0,399.0,Ricoh
827,Ricoh Caplio GX8,2005,3264.0,2592.0,8.0,28.0,85.0,30.0,1.0,26.0,260.0,114.0,99.0,Ricoh
828,Ricoh RDC-200G,2000,1792.0,1280.0,2.0,38.0,114.0,4.0,4.0,8.0,500.0,144.0,399.0,Ricoh
829,Ricoh RDC-4300,1998,1280.0,640.0,1.0,35.0,105.0,40.0,8.0,4.0,320.0,135.0,149.0,Ricoh
830,Ricoh RDC-5000,1999,1792.0,896.0,2.0,38.0,86.0,40.0,4.0,8.0,340.0,131.0,149.0,Ricoh
831,Ricoh RDC-5300,1999,1792.0,896.0,2.0,38.0,114.0,40.0,4.0,8.0,380.0,131.0,177.0,Ricoh
832,Ricoh RDC-6000,2000,1600.0,800.0,1.0,40.0,40.0,30.0,13.0,8.0,300.0,110.0,149.0,Ricoh
833,Ricoh RDC-7,2000,2048.0,1024.0,3.0,35.0,105.0,24.0,1.0,8.0,320.0,135.0,1699.0,Ricoh
834,Ricoh RDC-i500,2001,2048.0,1024.0,3.0,35.0,105.0,24.0,1.0,8.0,320.0,142.0,4999.0,Ricoh
835,Ricoh RDC-i700,2000,2048.0,1024.0,3.0,35.0,105.0,24.0,1.0,8.0,450.0,157.0,149.0,Ricoh
836,Ricoh Caplio RR1,2001,2272.0,1120.0,3.0,35.0,105.0,24.0,1.0,8.0,340.0,135.0,99.0,Ricoh
837,Ricoh Caplio RX,2004,2048.0,1280.0,3.0,28.0,100.0,30.0,1.0,8.0,215.0,112.0,99.0,Ricoh
838,Samsung Digimax A50,2005,2592.0,2272.0,5.0,35.0,105.0,80.0,5.0,11.0,185.0,107.0,229.0,Samsung
839,Samsung Digimax A502,2005,2592.0,2272.0,5.0,31.0,31.0,100.0,2.0,16.0,175.0,97.0,229.0,Samsung
840,Samsung Digimax A55W,2005,2592.0,2272.0,5.0,28.0,135.0,60.0,1.0,32.0,185.0,106.0,229.0,Samsung
841,Samsung Digimax 130,2002,1280.0,640.0,1.0,43.0,43.0,80.0,40.0,8.0,250.0,106.0,299.0,Samsung
842,Samsung Digimax 202,2004,1600.0,1024.0,1.0,35.0,47.0,120.0,19.0,6.0,135.0,98.0,229.0,Samsung
843,Samsung Digimax 230,2002,1600.0,1024.0,1.0,33.0,100.0,80.0,20.0,0.0,0.0,0.0,229.0,Samsung
844,Samsung Digimax 250,2004,1600.0,1024.0,1.0,35.0,76.0,80.0,15.0,6.0,210.0,107.0,229.0,Samsung
845,Samsung Digimax 301,2004,2048.0,1600.0,3.0,35.0,33.0,10.0,19.0,16.0,137.0,98.0,299.0,Samsung
846,Samsung Digimax 350SE,2002,2048.0,1024.0,3.0,34.0,102.0,80.0,20.0,0.0,320.0,114.0,229.0,Samsung
847,Samsung Digimax 370,2004,2048.0,1620.0,3.0,35.0,114.0,80.0,5.0,0.0,157.0,108.0,229.0,Samsung
848,Samsung Digimax 401,2004,2048.0,1600.0,4.0,35.0,33.0,10.0,19.0,16.0,137.0,98.0,299.0,Samsung
849,Samsung Digimax 410,2002,2272.0,1600.0,3.0,34.0,102.0,80.0,20.0,0.0,340.0,116.0,229.0,Samsung
850,Samsung Digimax 430,2004,2272.0,2048.0,3.0,35.0,114.0,80.0,5.0,32.0,210.0,107.0,229.0,Samsung
851,Samsung Digimax 530,2004,2592.0,2048.0,5.0,38.0,114.0,80.0,6.0,32.0,195.0,110.0,229.0,Samsung
852,Samsung Digimax V4,2003,2272.0,1120.0,3.0,38.0,114.0,80.0,6.0,0.0,210.0,106.0,229.0,Samsung
853,Samsung GX-10,2006,3872.0,3008.0,10.0,0.0,0.0,0.0,0.0,0.0,793.0,142.0,199.0,Samsung
854,Samsung GX-1L,2006,3008.0,2400.0,6.0,0.0,0.0,0.0,0.0,0.0,570.0,125.0,299.0,Samsung
855,Samsung GX-1S,2006,3008.0,2400.0,6.0,0.0,0.0,0.0,0.0,0.0,605.0,125.0,299.0,Samsung
856,Samsung Digimax i5,2005,2595.0,2272.0,5.0,39.0,117.0,50.0,5.0,50.0,155.0,90.0,229.0,Samsung
857,Samsung Digimax i6,2006,2816.0,2592.0,6.0,39.0,117.0,50.0,1.0,45.0,0.0,96.0,229.0,Samsung
858,Samsung i7,2007,3072.0,2592.0,7.0,38.0,114.0,80.0,5.0,450.0,210.0,101.0,119.0,Samsung
859,Samsung i70,2007,3072.0,2592.0,7.0,38.0,114.0,80.0,5.0,20.0,180.0,90.0,199.0,Samsung
860,Samsung i85,2007,3264.0,2592.0,8.0,36.0,108.0,80.0,5.0,173.0,0.0,95.0,149.0,Samsung
861,Samsung L83T,2007,3264.0,2592.0,8.0,38.0,114.0,80.0,5.0,19.0,160.0,93.0,229.0,Samsung
862,Samsung L700,2007,3072.0,2592.0,7.0,35.0,105.0,80.0,5.0,20.0,170.0,97.0,199.0,Samsung
863,Samsung L73,2007,3072.0,2592.0,7.0,35.0,105.0,80.0,5.0,19.0,180.0,98.0,119.0,Samsung
864,Samsung L730,2007,3264.0,2592.0,7.0,38.0,114.0,80.0,10.0,16.0,183.0,95.0,99.0,Samsung
865,Samsung L74 Wide,2007,3072.0,2592.0,7.0,28.0,101.0,80.0,5.0,450.0,210.0,105.0,119.0,Samsung
866,Samsung L77,2007,3072.0,2592.0,7.0,38.0,266.0,80.0,10.0,0.0,0.0,94.0,119.0,Samsung
867,Samsung L830,2007,3264.0,2592.0,8.0,38.0,114.0,80.0,5.0,10.0,183.0,95.0,99.0,Samsung
868,Samsung NV10,2006,3648.0,3136.0,10.0,35.0,105.0,80.0,4.0,20.0,190.0,97.0,229.0,Samsung
869,Samsung NV11,2007,3648.0,3136.0,10.0,35.0,190.0,80.0,1.0,0.0,240.0,107.0,229.0,Samsung
870,Samsung NV15,2007,3648.0,2592.0,10.0,34.0,102.0,80.0,4.0,20.0,0.0,97.0,229.0,Samsung
871,Samsung NV20,2007,4000.0,2592.0,12.0,34.0,102.0,80.0,4.0,20.0,0.0,97.0,229.0,Samsung
872,Samsung NV3,2006,3072.0,2816.0,7.0,38.0,114.0,80.0,1.0,15.0,155.0,95.0,229.0,Samsung
873,Samsung NV7 OPS,2006,3072.0,2688.0,7.0,38.0,270.0,80.0,1.0,19.0,290.0,106.0,229.0,Samsung
874,Samsung NV8,2007,3264.0,2592.0,8.0,34.0,102.0,80.0,4.0,20.0,0.0,97.0,229.0,Samsung
875,Samsung Pro815,2005,3264.0,2400.0,8.0,28.0,420.0,10.0,3.0,0.0,910.0,136.0,299.0,Samsung
876,Samsung S1030,2007,3648.0,3476.0,10.0,35.0,105.0,80.0,4.0,45.0,220.0,100.0,199.0,Samsung
877,Samsung S1050,2007,3648.0,3476.0,10.0,38.0,190.0,80.0,1.0,45.0,254.0,105.0,199.0,Samsung
878,Samsung S630,2007,2816.0,2048.0,6.0,35.0,105.0,80.0,5.0,16.0,186.0,100.0,99.0,Samsung
879,Samsung S730,2007,3072.0,2592.0,7.0,35.0,105.0,80.0,5.0,16.0,186.0,100.0,99.0,Samsung
880,Samsung S830,2007,3264.0,3072.0,8.0,35.0,105.0,80.0,4.0,45.0,220.0,100.0,99.0,Samsung
881,Samsung S85,2007,3264.0,2592.0,8.0,38.0,190.0,80.0,1.0,20.0,204.0,100.0,149.0,Samsung
882,Samsung S850,2007,3264.0,2592.0,8.0,38.0,190.0,80.0,1.0,20.0,222.0,104.0,149.0,Samsung
883,Samsung Digimax U-CA 3,2003,2048.0,2048.0,3.0,35.0,114.0,80.0,5.0,0.0,134.0,102.0,229.0,Samsung
884,Samsung Digimax U-CA 4,2004,2272.0,2048.0,4.0,35.0,105.0,80.0,5.0,0.0,169.0,102.0,229.0,Samsung
885,Samsung Digimax U-CA 401,2004,2272.0,1136.0,3.0,35.0,35.0,60.0,6.0,0.0,165.0,97.0,229.0,Samsung
886,Samsung Digimax V40,2004,2272.0,2048.0,3.0,35.0,113.0,80.0,5.0,0.0,230.0,106.0,229.0,Samsung
887,Samsung Digimax V5,2004,2592.0,2272.0,5.0,38.0,114.0,80.0,5.0,0.0,180.0,106.0,229.0,Samsung
888,Samsung Digimax V50,2004,2592.0,2272.0,5.0,35.0,113.0,80.0,5.0,256.0,230.0,106.0,229.0,Samsung
889,Samsung Digimax V6,2004,2816.0,2560.0,6.0,38.0,114.0,80.0,6.0,0.0,220.0,106.0,229.0,Samsung
890,Samsung Digimax V700,2005,3072.0,2816.0,7.0,38.0,114.0,80.0,4.0,128.0,220.0,106.0,229.0,Samsung
891,Samsung Digimax V800,2005,3264.0,2816.0,8.0,38.0,114.0,80.0,4.0,32.0,220.0,106.0,229.0,Samsung
892,Sanyo DSC-AZ1,2001,2288.0,1600.0,3.0,35.0,98.0,50.0,10.0,16.0,340.0,106.0,429.0,Sanyo
893,Sanyo DSC-J1,2003,2048.0,1600.0,3.0,37.0,104.0,20.0,2.0,8.0,205.0,98.0,429.0,Sanyo
894,Sanyo DSC-S1,2003,2048.0,1600.0,3.0,36.0,108.0,50.0,16.0,8.0,190.0,100.0,149.0,Sanyo
895,Sanyo Xacti DSC-S3,2004,2048.0,1600.0,3.0,37.0,112.0,50.0,2.0,16.0,185.0,91.0,1399.0,Sanyo
896,Sanyo Xacti DSC-S4,2004,2288.0,1600.0,3.0,37.0,105.0,50.0,2.0,16.0,185.0,91.0,1399.0,Sanyo
897,Sanyo DSC-MZ1,2001,1600.0,640.0,1.0,35.0,98.0,50.0,10.0,8.0,340.0,106.0,429.0,Sanyo
898,Sanyo VPC-X350,1999,1024.0,640.0,0.0,38.0,38.0,60.0,10.0,4.0,260.0,105.0,149.0,Sanyo
899,Sanyo VPC-Z400,1999,1280.0,640.0,1.0,34.0,102.0,80.0,20.0,4.0,350.0,128.0,149.0,Sanyo
900,Sigma DP1,2006,2640.0,1776.0,4.0,28.0,28.0,0.0,0.0,0.0,270.0,109.0,1599.0,Sigma
901,Sigma SD10,2003,2268.0,1134.0,3.0,0.0,0.0,0.0,0.0,0.0,950.0,152.0,1599.0,Sigma
902,Sigma SD14,2006,2640.0,1776.0,4.0,0.0,0.0,0.0,0.0,0.0,750.0,144.0,19.0,Sigma
903,Sigma SD9,2002,2268.0,1134.0,3.0,0.0,0.0,0.0,0.0,0.0,950.0,152.0,19.0,Sigma
904,Sony Mavica FD-91,1998,1024.0,640.0,0.0,37.0,518.0,80.0,3.0,1.0,950.0,140.0,1399.0,Sony
905,Sony Mavica CD1000,2000,1600.0,1600.0,1.0,37.0,370.0,80.0,3.0,8.0,980.0,125.0,1399.0,Sony
906,Sony Mavica CD200,2001,1600.0,1024.0,1.0,39.0,117.0,50.0,3.0,8.0,620.0,144.0,1399.0,Sony
907,Sony Mavica CD250,2002,1600.0,1280.0,1.0,41.0,123.0,50.0,3.0,6.0,610.0,138.0,1399.0,Sony
908,Sony Mavica CD300,2001,2048.0,1600.0,3.0,34.0,102.0,50.0,4.0,8.0,620.0,144.0,1399.0,Sony
909,Sony Mavica CD350,2003,2048.0,1632.0,3.0,41.0,123.0,50.0,10.0,1.0,522.0,132.0,1399.0,Sony
910,Sony Mavica CD400,2002,2272.0,1600.0,3.0,34.0,102.0,50.0,4.0,6.0,640.0,138.0,1399.0,Sony
911,Sony Mavica CD500,2003,2592.0,2048.0,5.0,34.0,102.0,50.0,4.0,1.0,606.0,139.0,1399.0,Sony
912,Sony DSC-D700,1998,1344.0,640.0,1.0,28.0,140.0,20.0,0.0,8.0,900.0,130.0,149.0,Sony
913,Sony DSC-D770,1999,1344.0,640.0,1.0,28.0,140.0,20.0,0.0,8.0,900.0,130.0,149.0,Sony
914,Sony DSC-F505,1999,1600.0,1024.0,1.0,38.0,190.0,80.0,8.0,4.0,475.0,107.0,149.0,Sony
915,Sony DSC-F505V,2000,1856.0,1600.0,2.0,38.0,190.0,50.0,2.0,8.0,482.0,107.0,149.0,Sony
916,Sony DSC-F55,1999,1600.0,640.0,1.0,37.0,37.0,50.0,10.0,4.0,300.0,103.0,429.0,Sony
917,Sony DSC-F55V,2000,1856.0,1600.0,2.0,37.0,37.0,25.0,10.0,8.0,280.0,103.0,429.0,Sony
918,Sony DSC-F707,2001,2560.0,2048.0,4.0,38.0,190.0,50.0,2.0,16.0,667.0,162.0,149.0,Sony
919,Sony DSC-F717,2002,2560.0,2048.0,4.0,38.0,190.0,50.0,2.0,32.0,659.0,162.0,149.0,Sony
920,Sony DSC-F828,2003,3264.0,2592.0,8.0,28.0,200.0,50.0,2.0,0.0,906.0,134.0,429.0,Sony
921,Sony DSC-F88,2004,2592.0,2048.0,5.0,38.0,114.0,50.0,8.0,32.0,202.0,98.0,429.0,Sony
922,Sony DSC-G1,2007,2816.0,2048.0,6.0,38.0,114.0,50.0,8.0,2.0,238.0,93.0,429.0,Sony
923,Sony DSC-H1,2005,2592.0,2048.0,5.0,36.0,432.0,50.0,2.0,32.0,591.0,108.0,429.0,Sony
924,Sony DSC-H2,2006,2816.0,2048.0,6.0,36.0,432.0,50.0,2.0,32.0,490.0,108.0,429.0,Sony
925,Sony DSC-H3,2007,3264.0,3264.0,8.0,38.0,380.0,50.0,2.0,31.0,264.0,106.0,429.0,Sony
926,Sony DSC-H5,2006,3072.0,2592.0,7.0,36.0,432.0,50.0,2.0,32.0,490.0,108.0,429.0,Sony
927,Sony DSC-H7,2007,3264.0,2592.0,8.0,31.0,465.0,50.0,2.0,31.0,405.0,110.0,429.0,Sony
928,Sony DSC-H9,2007,3264.0,2592.0,8.0,31.0,465.0,50.0,2.0,31.0,440.0,110.0,429.0,Sony
929,Sony DSC-L1,2004,2304.0,1280.0,4.0,32.0,96.0,12.0,12.0,16.0,152.0,95.0,429.0,Sony
930,Sony DSC-M1,2004,2592.0,2048.0,5.0,38.0,114.0,50.0,8.0,32.0,215.0,51.0,429.0,Sony
931,Sony DSC-M2,2005,2592.0,2048.0,5.0,38.0,114.0,50.0,1.0,32.0,240.0,51.0,399.0,Sony
932,Sony DSC-N1,2005,3264.0,2592.0,8.0,38.0,114.0,50.0,6.0,32.0,139.0,94.0,429.0,Sony
933,Sony DSC-N2,2006,3264.0,2592.0,10.0,38.0,114.0,50.0,6.0,32.0,139.0,94.0,399.0,Sony
934,Sony DSC-P1,2000,2048.0,1600.0,3.0,39.0,117.0,50.0,10.0,8.0,250.0,114.0,429.0,Sony
935,Sony DSC-P10,2003,2592.0,2048.0,5.0,38.0,114.0,50.0,10.0,32.0,206.0,105.0,149.0,Sony
936,Sony DSC-P100,2004,2592.0,2048.0,5.0,38.0,114.0,50.0,10.0,32.0,180.0,108.0,149.0,Sony
937,Sony DSC-P150,2004,3072.0,2592.0,7.0,38.0,114.0,50.0,6.0,32.0,180.0,108.0,149.0,Sony
938,Sony DSC-P2,2002,1600.0,1280.0,1.0,39.0,117.0,50.0,10.0,16.0,214.0,114.0,399.0,Sony
939,Sony DSC-P20,2001,1216.0,1024.0,1.0,42.0,42.0,60.0,3.0,4.0,230.0,123.0,399.0,Sony
940,Sony DSC-P200,2005,3072.0,2592.0,7.0,38.0,114.0,50.0,6.0,32.0,180.0,104.0,399.0,Sony
941,Sony DSC-P3,2001,1920.0,1600.0,2.0,36.0,36.0,25.0,10.0,8.0,194.0,113.0,429.0,Sony
942,Sony DSC-P30,2001,1280.0,1024.0,1.0,41.0,123.0,50.0,3.0,4.0,250.0,143.0,149.0,Sony
943,Sony DSC-P31,2002,1600.0,1280.0,1.0,33.0,33.0,10.0,10.0,8.0,231.0,106.0,429.0,Sony
944,Sony DSC-P32,2003,2048.0,1632.0,3.0,33.0,33.0,10.0,10.0,16.0,217.0,101.0,429.0,Sony
945,Sony DSC-P41,2004,2272.0,1600.0,3.0,33.0,33.0,10.0,10.0,16.0,180.0,106.0,429.0,Sony
946,Sony DSC-P5,2001,2048.0,1600.0,3.0,39.0,117.0,50.0,10.0,8.0,214.0,113.0,429.0,Sony
947,Sony DSC-P50,2001,1600.0,1024.0,1.0,41.0,123.0,50.0,3.0,4.0,250.0,143.0,149.0,Sony
948,Sony DSC-P51,2002,1600.0,1280.0,1.0,41.0,82.0,8.0,8.0,16.0,275.0,127.0,429.0,Sony
949,Sony DSC-P52,2003,2048.0,1632.0,3.0,41.0,82.0,8.0,8.0,16.0,280.0,123.0,429.0,Sony
950,Sony DSC-P7,2002,2048.0,1600.0,3.0,39.0,117.0,50.0,10.0,16.0,214.0,114.0,149.0,Sony
951,Sony DSC-P71,2002,2048.0,1600.0,3.0,39.0,117.0,50.0,10.0,16.0,284.0,125.0,149.0,Sony
952,Sony DSC-P72,2003,2048.0,1632.0,3.0,39.0,117.0,50.0,10.0,16.0,259.0,120.0,149.0,Sony
953,Sony DSC-P73,2004,2272.0,1600.0,3.0,39.0,117.0,50.0,10.0,16.0,243.0,116.0,149.0,Sony
954,Sony DSC-P8,2003,2048.0,1632.0,3.0,39.0,117.0,50.0,10.0,16.0,206.0,105.0,429.0,Sony
955,Sony DSC-P9,2002,2272.0,1600.0,3.0,39.0,117.0,50.0,10.0,16.0,206.0,113.0,429.0,Sony
956,Sony DSC-P92,2003,2592.0,2048.0,5.0,38.0,114.0,50.0,10.0,16.0,259.0,120.0,429.0,Sony
957,Sony DSC-P93,2004,2592.0,2048.0,5.0,38.0,114.0,50.0,10.0,32.0,236.0,117.0,429.0,Sony
958,Sony DSC-R1,2005,3888.0,3264.0,10.0,24.0,120.0,0.0,0.0,0.0,995.0,139.0,429.0,Sony
959,Sony DSC-S30,2000,1280.0,640.0,1.0,39.0,117.0,25.0,3.0,4.0,370.0,113.0,149.0,Sony
960,Sony DSC-S40,2005,2304.0,2048.0,4.0,32.0,96.0,0.0,0.0,32.0,184.0,99.0,149.0,Sony
961,Sony DSC-S50,2000,1600.0,1280.0,1.0,39.0,117.0,25.0,3.0,4.0,370.0,113.0,149.0,Sony
962,Sony DSC-S60,2005,2304.0,2048.0,4.0,39.0,117.0,50.0,10.0,32.0,249.0,97.0,149.0,Sony
963,Sony DSC-S600,2006,2816.0,2048.0,6.0,31.0,93.0,12.0,0.0,32.0,180.0,100.0,149.0,Sony
964,Sony DSC-S650,2007,3072.0,2592.0,7.0,35.0,105.0,35.0,5.0,24.0,178.0,91.0,149.0,Sony
965,Sony DSC-S70,2000,2048.0,1600.0,3.0,34.0,102.0,25.0,4.0,8.0,420.0,117.0,149.0,Sony
966,Sony DSC-S700,2007,3072.0,2592.0,7.0,35.0,105.0,35.0,5.0,24.0,178.0,91.0,149.0,Sony
967,Sony DSC-S75,2001,2048.0,1600.0,3.0,34.0,102.0,50.0,4.0,8.0,444.0,125.0,149.0,Sony
968,Sony DSC-S800,2007,3264.0,2592.0,8.0,37.0,222.0,50.0,2.0,54.0,245.0,93.0,149.0,Sony
969,Sony DSC-S85,2001,2272.0,1600.0,3.0,34.0,102.0,50.0,4.0,16.0,444.0,125.0,149.0,Sony
970,Sony DSC-S90,2005,2304.0,2048.0,4.0,39.0,117.0,50.0,10.0,32.0,253.0,97.0,149.0,Sony
971,Sony DSC-T1,2003,2592.0,2048.0,5.0,38.0,114.0,25.0,1.0,32.0,180.0,91.0,399.0,Sony
972,Sony DSC-T10,2006,3072.0,2592.0,7.0,38.0,114.0,50.0,1.0,56.0,168.0,90.0,399.0,Sony
973,Sony DSC-T100,2007,3264.0,2592.0,8.0,35.0,175.0,50.0,1.0,31.0,197.0,92.0,399.0,Sony
974,Sony DSC-T11,2004,2592.0,2048.0,5.0,38.0,114.0,50.0,8.0,32.0,186.0,103.0,399.0,Sony
975,Sony DSC-T20,2007,3264.0,2592.0,8.0,38.0,114.0,50.0,1.0,31.0,197.0,90.0,399.0,Sony
976,Sony DSC-T200,2007,3264.0,3264.0,8.0,35.0,175.0,50.0,1.0,31.0,160.0,94.0,399.0,Sony
977,Sony DSC-T3,2004,2592.0,2048.0,5.0,38.0,114.0,50.0,8.0,32.0,186.0,90.0,399.0,Sony
978,Sony DSC-T30,2006,3072.0,2592.0,7.0,38.0,114.0,50.0,1.0,58.0,172.0,95.0,399.0,Sony
979,Sony DSC-T33,2005,2592.0,2048.0,5.0,38.0,114.0,50.0,8.0,32.0,150.0,99.0,399.0,Sony
980,Sony DSC-T5,2005,2592.0,2048.0,5.0,38.0,114.0,50.0,8.0,32.0,139.0,94.0,399.0,Sony
981,Sony DSC-T50,2006,3072.0,2592.0,7.0,38.0,114.0,50.0,1.0,58.0,170.0,95.0,399.0,Sony
982,Sony DSC-T7,2005,2592.0,2048.0,5.0,38.0,114.0,50.0,8.0,32.0,134.0,92.0,149.0,Sony
983,Sony DSC-T9,2005,2816.0,2048.0,6.0,38.0,114.0,50.0,1.0,32.0,185.0,90.0,429.0,Sony
984,Sony DSC-U10,2002,1280.0,640.0,1.0,33.0,33.0,10.0,10.0,8.0,118.0,85.0,149.0,Sony
985,Sony DSC-U20,2002,1632.0,640.0,2.0,33.0,33.0,10.0,10.0,8.0,118.0,85.0,399.0,Sony
986,Sony DSC-U30,2003,1632.0,640.0,2.0,33.0,33.0,10.0,10.0,8.0,130.0,85.0,149.0,Sony
987,Sony DSC-U40,2003,1632.0,640.0,2.0,33.0,33.0,10.0,10.0,8.0,130.0,83.0,149.0,Sony
988,Sony DSC-U50,2003,1632.0,640.0,2.0,33.0,33.0,10.0,10.0,8.0,132.0,100.0,149.0,Sony
989,Sony DSC-U60,2003,1632.0,640.0,2.0,33.0,33.0,10.0,10.0,8.0,200.0,60.0,149.0,Sony
990,Sony DSC-V1,2003,2592.0,2048.0,5.0,34.0,136.0,40.0,10.0,32.0,298.0,99.0,429.0,Sony
991,Sony DSC-V3,2004,3072.0,2592.0,7.0,34.0,136.0,40.0,10.0,0.0,390.0,120.0,429.0,Sony
992,Sony DSC-W1,2004,2592.0,2048.0,5.0,38.0,114.0,50.0,6.0,32.0,250.0,91.0,429.0,Sony
993,Sony DSC-W100,2006,3264.0,2592.0,8.0,38.0,114.0,50.0,6.0,64.0,192.0,94.0,149.0,Sony
994,Sony DSC-W200,2007,4000.0,3264.0,12.0,35.0,105.0,34.0,5.0,31.0,195.0,91.0,399.0,Sony
995,Sony DSC-W30,2006,2816.0,2048.0,6.0,38.0,114.0,50.0,2.0,32.0,153.0,90.0,149.0,Sony
996,Sony DSC-W35,2007,3072.0,2592.0,7.0,38.0,114.0,30.0,2.0,56.0,149.0,90.0,429.0,Sony
997,Sony DSC-W5,2005,2592.0,2048.0,5.0,38.0,114.0,50.0,6.0,32.0,250.0,91.0,429.0,Sony
998,Sony DSC-W50,2006,2816.0,2048.0,6.0,38.0,114.0,50.0,2.0,32.0,157.0,89.0,149.0,Sony
999,Sony DSC-W55,2007,3072.0,2592.0,7.0,38.0,114.0,30.0,2.0,56.0,147.0,90.0,429.0,Sony
1000,Sony DSC-W7,2005,3072.0,2592.0,7.0,38.0,114.0,50.0,6.0,32.0,250.0,91.0,149.0,Sony
1001,Sony DSC-W70,2006,3072.0,2592.0,7.0,38.0,114.0,50.0,2.0,58.0,157.0,89.0,149.0,Sony
1002,Sony DSC-W80,2007,3072.0,2592.0,7.0,35.0,105.0,50.0,4.0,31.0,175.0,91.0,149.0,Sony
1003,Sony DSC-W90,2007,3254.0,2592.0,8.0,35.0,105.0,50.0,4.0,31.0,175.0,91.0,429.0,Sony
1004,Sony DSLR-A100,2006,3872.0,3896.0,10.0,0.0,0.0,0.0,0.0,0.0,638.0,133.0,599.0,Sony
1005,Sony DSLR-A700,2007,4272.0,3104.0,12.0,0.0,0.0,0.0,0.0,0.0,768.0,142.0,599.0,Sony
1006,Sony Mavica FD-100,2002,1280.0,1024.0,1.0,37.0,111.0,0.0,0.0,1.0,0.0,0.0,1399.0,Sony
1007,Sony Mavica FD-200,2002,1600.0,1024.0,1.0,37.0,111.0,19.0,3.0,1.0,520.0,142.0,1399.0,Sony
1008,Sony Mavica FD-71,1998,640.0,320.0,0.0,40.0,400.0,1.0,1.0,1.0,500.0,138.0,1399.0,Sony
1009,Sony Mavica FD-73,1999,640.0,320.0,0.0,40.0,400.0,1.0,1.0,1.0,500.0,138.0,1399.0,Sony
1010,Sony Mavica FD-75,2001,640.0,320.0,0.0,40.0,400.0,1.0,1.0,1.0,580.0,138.0,1399.0,Sony
1011,Sony Mavica FD-81,1998,1024.0,640.0,0.0,37.0,111.0,1.0,1.0,1.0,580.0,140.0,1399.0,Sony
1012,Sony Mavica FD-83,1999,1024.0,640.0,0.0,37.0,111.0,1.0,1.0,1.0,580.0,142.0,1399.0,Sony
1013,Sony Mavica FD-85,2000,1280.0,1280.0,1.0,37.0,111.0,1.0,1.0,1.0,0.0,0.0,1399.0,Sony
1014,Sony Mavica FD-87,2001,1280.0,1024.0,1.0,39.0,117.0,25.0,3.0,1.0,630.0,143.0,1399.0,Sony
1015,Sony Mavica FD-88,1999,1280.0,1024.0,1.0,34.0,270.0,4.0,4.0,1.0,600.0,142.0,1399.0,Sony
1016,Sony Mavica FD-90,2000,1280.0,1280.0,1.0,34.0,270.0,4.0,4.0,1.0,0.0,0.0,1399.0,Sony
1017,Sony Mavica FD-92,2001,1472.0,1280.0,1.0,41.0,328.0,25.0,3.0,1.0,660.0,126.0,1399.0,Sony
1018,Sony Mavica FD-95,2000,1600.0,1600.0,1.0,37.0,370.0,80.0,3.0,1.0,900.0,0.0,1399.0,Sony
1019,Sony Mavica FD-97,2001,1600.0,1024.0,1.0,39.0,390.0,25.0,2.0,1.0,990.0,126.0,1399.0,Sony
1020,Toshiba PDR-3310,2002,2048.0,1024.0,3.0,35.0,105.0,55.0,12.0,8.0,205.0,91.0,177.0,Toshiba
1021,Toshiba PDR-3330,2002,2048.0,1024.0,3.0,35.0,100.0,80.0,10.0,8.0,320.0,116.0,177.0,Toshiba
1022,Toshiba PDR-4300,2003,2400.0,1200.0,3.0,35.0,100.0,80.0,10.0,16.0,0.0,0.0,599.0,Toshiba
1023,Toshiba PDR-5300,2003,2560.0,2048.0,4.0,35.0,105.0,80.0,10.0,16.0,230.0,93.0,177.0,Toshiba
1024,Toshiba PDR-M1,1998,1280.0,640.0,1.0,35.0,35.0,50.0,9.0,4.0,290.0,123.0,62.0,Toshiba
1025,Toshiba PDR-M11,2001,1280.0,640.0,1.0,52.0,52.0,90.0,0.0,8.0,240.0,116.0,62.0,Toshiba
1026,Toshiba PDR-M21,2001,1600.0,800.0,1.0,39.0,39.0,50.0,0.0,8.0,240.0,116.0,177.0,Toshiba
1027,Toshiba PDR-M25,2001,1729.0,896.0,2.0,38.0,114.0,40.0,8.0,8.0,320.0,105.0,177.0,Toshiba
1028,Toshiba PDR-M3,1999,1280.0,640.0,1.0,38.0,115.0,90.0,25.0,4.0,380.0,122.0,62.0,Toshiba
1029,Toshiba PDR-M4,1999,1600.0,800.0,1.0,40.0,40.0,50.0,10.0,8.0,290.0,112.0,62.0,Toshiba
1030,Toshiba PDR-M5,1999,1600.0,800.0,1.0,40.0,120.0,90.0,25.0,8.0,350.0,130.0,62.0,Toshiba
1031,Toshiba PDR-M60,2000,1792.0,896.0,2.0,38.0,86.0,50.0,5.0,4.0,320.0,121.0,449.0,Toshiba
1032,Toshiba PDR-M61,2001,1792.0,896.0,2.0,38.0,114.0,50.0,5.0,8.0,310.0,123.0,62.0,Toshiba
1033,Toshiba PDR-M65,2001,2048.0,1024.0,3.0,38.0,114.0,10.0,10.0,8.0,320.0,120.0,62.0,Toshiba
1034,Toshiba PDR-M70,2000,2048.0,1024.0,3.0,35.0,105.0,80.0,9.0,16.0,390.0,116.0,62.0,Toshiba
1035,Toshiba PDR-M71,2001,2048.0,1024.0,3.0,35.0,98.0,80.0,10.0,8.0,340.0,107.0,62.0,Toshiba
1036,Toshiba PDR-M81,2001,2400.0,1200.0,3.0,35.0,98.0,80.0,10.0,16.0,340.0,107.0,62.0,Toshiba
1037,Toshiba PDR-T10,2002,1600.0,800.0,1.0,38.0,38.0,40.0,20.0,8.0,180.0,86.0,129.0,Toshiba
